[{"id":1,"o":38852,"text":"Opções para outros procedimentos","url":"ARCM_FORWARD_OPTIONS.HLP.HTM","node":"0","leaf":true,"hidden":true},{"id":2,"o":39370,"text":"Botões","url":"14422.htm","node":"1","leaf":true},{"id":3,"o":39373,"text":"Protocolo","url":"ARCM_LOG_COMMON.HLP.HTM","node":"2","leaf":true,"hidden":true},{"id":4,"o":39374,"text":"Configurar/salvar filtro","url":"ARCM_FILTER_COMMON.HLP.HTM","node":"3","leaf":true,"hidden":true},{"id":5,"o":39375,"text":"Demais avaliações","url":"14243.htm","node":"4","children":[]},{"id":6,"o":39429,"text":"Diálogos","url":"17422.htm","node":"5","children":[]},{"id":7,"o":38874,"text":"Formulários","url":"13034.htm","node":"6","children":[]},{"id":8,"o":38900,"text":"Listas","url":"13281.htm","node":"7","children":[]},{"id":9,"o":41154,"text":"Direitos Autorais","url":"11061.htm","node":"8","leaf":true}]