<?xml version="1.0" encoding="UTF-8"?>
<custom xmlns:xsi="http://www.w3.org/2001/XMLSchema-instance" xsi:noNamespaceSchemaLocation="../xsd/custom.xsd">

	<tabMapping id="client" >
		<tTab page="1" id="client" propertyKey="tab.client.DBI" action="object.do?__commandId=cache&amp;__objectType=client&amp;__formPage=1" roles="sysadmin,clientadmin,riskauditor,groupusermanager,testauditor,testauditorexternal,surveyauditor,riskparamadmin" />
		<tTab page="2" id="riskmanagement" propertyKey="tab.risk.management.DBI" action="object.do?__commandId=cache&amp;__objectType=client&amp;__formPage=2" licensedComponentId="rm" roles="sysadmin,clientadmin,riskauditor,groupusermanager,testauditor,testauditorexternal,surveyauditor,riskparamadmin"/>
		<tTab id="connect" propertyKey="tab.assignment.DBI" access="persistent" roles="sysadmin,clientadmin,riskauditor,groupusermanager,testauditor,testauditorexternal,surveyauditor" >
			<tSubTab id="groups" propertyKey="tab.userGroups.DBI" action="list.do?__commandId=init&amp;__listName=client2usergroup_refs"  objectType="USERGROUP"/>
			<tSubTab id="users" propertyKey="tab.users.DBI"  action="list.do?__commandId=init&amp;__listName=client2user_refs"  objectType="USER"/>
        </tTab>
        <tTab id="subscriptions" propertyKey="tab.subscriptions.DBI" action="list.do?__commandId=init&amp;__listName=client2subscriptions"  objectType="SUBSCRIPTION"/>
        <tTab id="notify" propertyKey="tab.notify.DBI" action="list.do?__commandId=init&amp;__listName=messageTemplate" objectType="MESSAGETEMPLATES" access="persistent" roles="sysadmin,clientadmin,riskauditor,groupusermanager,testauditor,testauditorexternal,surveyauditor"/>
        <tTab id="issue" propertyKey="tab.related.issues.DBI" action="list.do?__commandId=init&amp;__listName=RelatedIssues" objectType="ISSUE" roles="sysadmin,clientadmin,riskauditor,groupusermanager,testauditor,testauditorexternal,surveyauditor"/>
		<tTab id="protocol" propertyKey="tab.protocol.DBI" action="object.do?__objectType=client&amp;__commandId=protocol"  roles="sysadmin,clientadmin,riskauditor,groupusermanager,testauditor,testauditorexternal,surveyauditor"/>
    </tabMapping>

	<tabMapping id="hierarchy" frame="content" restrictionAttributeId="type">
		<tTab page="1" id="hierarchyElement" propertyKey="tab.hierarchyElement.DBI" action="object.do?__commandId=cache&amp;__objectType=hierarchy&amp;__formPage=1"  />
        <tTab page="2" id="changeManagement" propertyKey="tab.changeManagement.DBI" action="object.do?__commandId=cache&amp;__objectType=hierarchy&amp;__formPage=2"  restrictionValue="financialaccount" licensedComponentId="cm" roles="hierarchymanager,hierarchyowner,hierarchyauditor"/>
        <tTab id="connect" propertyKey="tab.assignment.DBI" access="persistent">
            <tSubTab id="changereviews" propertyKey="tab.hierarchy.changereview.DBI"  action="list.do?__commandId=init&amp;__listName=hierarchy2changereviews" objectType="CHANGEREVIEW"    restrictionValue="financialaccount" licensedComponentId="cm" roles="hierarchymanager,hierarchyowner,hierarchyauditor"/>
			<tSubTab id="risks" propertyKey="tab.risks.DBI"  action="list.do?__commandId=init&amp;__listName=hierarchy2risk_refs" objectType="RISK"/>
			<tSubTab id="controls" propertyKey="tab.controls.DBI"  action="list.do?__commandId=init&amp;__listName=hierarchy2control_refs" objectType="CONTROL"                             restrictionValue="tester,financialaccount,orgunit,bb_riskfactor"/>
			<tSubTab id="BB_controls" propertyKey="tab.controls.DBI"  action="list.do?__commandId=init&amp;__listName=BB_process2control" objectType="CONTROL"                              restrictionValue="process"/>
			<tSubTab id="testdefinitions" propertyKey="tab.testdefinitions.DBI"  action="list.do?__commandId=init&amp;__listName=hierarchy2testdefinition_refs" objectType="TESTDEFINITION" restrictionValue="tester,financialaccount,orgunit,process"/>
			<tSubTab id="testactions" propertyKey="tab.testactions.DBI"  action="list.do?__commandId=init&amp;__listName=hierarchy2testaction_refs" objectType="TESTCASE"                   restrictionValue="tester,financialaccount,orgunit,process"/>
			<tSubTab id="losses" propertyKey="tab.losses.DBI"            action="list.do?__commandId=init&amp;__listName=hierarchy2losses" objectType="LOSS"                                restrictionValue="financialaccount,orgunit,process,applicationsystemtype"/>
			<tSubTab id="incidents" propertyKey="tab.incidents.DBI"  action="list.do?__commandId=init&amp;__listName=hierarchy2incidents" objectType="INCIDENT"                             restrictionValue="financialaccount,orgunit,process,category,applicationsystemtype"/>
			<tSubTab id="riskassessment" propertyKey="tab.risk.assessments.DBI"  action="list.do?__commandId=init&amp;__listName=hierarchy2riskassessments" objectType="RISKASSESSMENT"     restrictionValue="financialaccount,orgunit,process,category,applicationsystemtype"/>
			<tSubTab id="survey" propertyKey="tab.surveys.DBI"  action="list.do?__commandId=init&amp;__listName=hierarchy2surveys_refs" objectType="SURVEY"                                 restrictionValue="financialaccount,orgunit,process,category,applicationsystemtype"/>
			<tSubTab id="questionnaire" propertyKey="tab.questionnaires.DBI"  action="list.do?__commandId=init&amp;__listName=hierarchy2questionnaires_refs" objectType="QUESTIONNAIRE"     restrictionValue="financialaccount,orgunit,process,category,applicationsystemtype"/>			
			<tSubTab id="deficiency" propertyKey="tab.deficiencies.DBI"  action="list.do?__commandId=init&amp;__listName=BB_deficiency2testaction_refs" objectType="DEFICIENCY"				restrictionValue="tester,financialaccount,orgunit,process"/>			
			<tSubTab id="audit" propertyKey="tab.audits.DBI"  action="list.do?__commandId=init&amp;__listName=hierarchy2audits" objectType="AUDIT"                                          restrictionValue="financialaccount,orgunit,process,category,applicationsystemtype"/>
			<tSubTab id="auditstep" propertyKey="tab.auditsteps.DBI"  action="list.do?__commandId=init&amp;__listName=hierarchy2auditsteps" objectType="AUDITSTEP"                          restrictionValue="financialaccount,orgunit,process,category,applicationsystemtype"/>
			<tSubTab id="policy" propertyKey="tab.policies.DBI"  action="list.do?__commandId=init&amp;__listName=hierarchy2policies" objectType="POLICY"                                    restrictionValue="financialaccount,orgunit,process,applicationsystemtype"/>
			<tSubTab id="process" propertyKey="tab.process.DBI"  action="list.do?__commandId=init&amp;__listName=hierarchy2process_refs" objectType="HIERARCHY"                             restrictionValue="bb_product,bb_riskfactor" roles="riskmanager,controlmanager,testmanager"/>
			<tSubTab id="bb_soprocess" propertyKey="tab.bb_soprocess.DBI"  action="list.do?__commandId=init&amp;__listName=bb_process2soprocess" objectType="SOPROCESS"                     restrictionValue="process"/>															
			<tSubTab id="parent" propertyKey="tab.parent.DBI" action="list.do?__commandId=init&amp;__listName=hierarchie_parent_refs" />
			<tSubTab id="child" propertyKey="tab.child.DBI" action="list.do?__commandId=init&amp;__listName=hierarchie_childs_refs" />
		</tTab>
        <tTab id="issue" propertyKey="tab.related.issues.DBI" action="list.do?__commandId=init&amp;__listName=HierarchyRelatedIssues" objectType="ISSUE"/>
		<tTab id="protocol" propertyKey="tab.protocol.DBI" >
			<tSubTab id="protocol_object" propertyKey="tab.hierarchy.DBI"  action="object.do?__objectType=hierarchy&amp;__commandId=protocol" />
			<tSubTab id="protocol_children" propertyKey="tab.child.DBI"  action="object.do?__objectType=hierarchy&amp;__commandId=protocol&amp;relationprotocol=children" />
		</tTab>
	</tabMapping>

</custom>