<?xml version="1.0" encoding="UTF-8"?>
<custom xmlns:xsi="http://www.w3.org/2001/XMLSchema-instance" xsi:noNamespaceSchemaLocation="../xsd/custom.xsd">
	<list id="usergroup"
          view.idref="usergroup"
          filter.idref="usergroup"
          idColumn.idref="id"
          defaultOrderColumn.idref="name"
          allowMarkAsIssueRelevant="true"
          relatedObjectType.idref="USERGROUP"
            propertyKey="list.group.DBI">
        <simpleFilterRow>
            <simpleFilter filterRow.idref="name"/>
            <simpleFilter filterRow.idref="description"/>
        </simpleFilterRow>
		<listHeaderRow>
			<listHeader column="LC_8_1" propertyKey="tableheader.name" width="30%"/>
			<listHeader column="LC_8_2" propertyKey="tableheader.client" width="10%"/>
			<listHeader column="LC_8_4" propertyKey="tableheader.description" width="40%"/>
			<listHeader column="LC_8_9" propertyKey="tableheader.role" width="10%"/>
			<listHeader column="LC_8_10" propertyKey="tableheader.rolelevel" width="10%"/>
		</listHeaderRow>
		<column id="LC_8_1" dataReference.idref="name" template="openObject">
			<parameter name="idColumn" value="id"/>
		</column>
		<column id="LC_8_2" align="center" dataReference.idref="sign" />
		<column id="LC_8_4" dataReference.idref="description" />
		<column id="LC_8_9" align="center" dataReference.idref="role"  >
			<parameter name="showImage" value="false"/>
			<parameter name="showText" value="true"/>
		</column>
		<column id="LC_8_10" align="center" dataReference.idref="rolelevel"  >
			<parameter name="showImage" value="false"/>
			<parameter name="showText" value="true"/>
		</column>
		<listButtons>
			<buttonReference button.idref="LIST_CREATE"/>
			<buttonReference button.idref="LIST_OPEN"/>
			<buttonReference button.idref="LIST_DELETE"/>
			<!-- 
			<buttonReference button.idref="FIELDSELECT"/>
			-->  
            <buttonReference button.idref="PDF_REPORT"/>
            <buttonReference button.idref="EXCEL_REPORT"/>
		</listButtons>
		<rowButtons>
			<buttonReference button.idref="RELATION_POPUP"/>
			<buttonReference button.idref="LISTROW_DELETE"/>
		</rowButtons>
	</list>
	
	<list id="hierarchy_testergroup_sel"
          view.idref="hierarchy_testergroup_sel"
          filter.idref="hierarchy_testergroup_sel"
          idColumn.idref="ownergroup_obj_id"
          defaultOrderColumn.idref="ownergroup_name"
          nameColumn.idref="ownergroup_name"
          destAttributeType.idref="tester"
          destDataType.idref="HIERARCHY"
          frame="popup"
          listType="selection"
          relatedObjectType.idref="USERGROUP"
          useCheckBoxes="true">
		<simpleFilterRow>
			<simpleFilter filterRow.idref="ownergroup_name"/>
			<simpleFilter filterRow.idref="ownergroup_description"/>
		</simpleFilterRow>
		<simpleFilterRow>
			<simpleFilter filterRow.idref="orgunit_codigoUOR"/>
			<simpleFilter filterRow.idref="orgunit_name"/>
		</simpleFilterRow>
		<listHeaderRow>
			<listHeader column="LC_hierarchy_ownergroup_sel_1" propertyKey="tableheader.name" width="35%"/>
			<listHeader column="LC_hierarchy_ownergroup_sel_2" propertyKey="tableheader.description" width="15%"/>
			<listHeader column="LC_hierarchy_ownergroup_sel_4" propertyKey="attribute.HIERARCHY.bb_codigoUOR.DBI" width="10%"/>
			<listHeader column="LC_hierarchy_ownergroup_sel_5" propertyKey="attribute.USERGROUP.bb_orgunit.DBI" width="35%"/>
			<listHeader column="LC_hierarchy_ownergroup_sel_3" propertyKey="tableheader.empty.DBI" tooltip="tableheader.assigned.to.hierarchy.DBI" width="5%"/>
		</listHeaderRow>
		<column id="LC_hierarchy_ownergroup_sel_1" dataReference.idref="ownergroup_name" template="openObject"/>
		<column id="LC_hierarchy_ownergroup_sel_2" dataReference.idref="ownergroup_description" />
		<column id="LC_hierarchy_ownergroup_sel_4" dataReference.idref="orgunit_codigoUOR" />
		<column id="LC_hierarchy_ownergroup_sel_5" dataReference.idref="orgunit_name" />
		<column id="LC_hierarchy_ownergroup_sel_3" align="center" dataReference.idref="hierarchy_count"  template="assignmentExist"/>
		<listButtons>
			<buttonReference button.idref="LIST_ATTACH_DEST"/>
		</listButtons>
		<rowButtons>
			<buttonReference button.idref="LISTROW_ATTACH_DEST"/>
		</rowButtons>
	</list>
	
	<list id="hierarchy_signoffowner_sel"
          view.idref="hierarchy_signoffowner_sel"
          filter.idref="hierarchy_signoffowner_sel"
          idColumn.idref="usergroup_id"
          defaultOrderColumn.idref="usergroup_name"
          nameColumn.idref="usergroup_name"
          destAttributeType.idref="so_owner"
          destDataType.idref="HIERARCHY"
          frame="popup"
          listType="selection"
          relatedObjectType.idref="USERGROUP"
          useCheckBoxes="false">
		<simpleFilterRow>
			<simpleFilter filterRow.idref="usergroup_name"/>
			<simpleFilter filterRow.idref="usergroup_description"/>
		</simpleFilterRow>
		<simpleFilterRow>
			<simpleFilter filterRow.idref="orgunit_codigoUOR"/>
			<simpleFilter filterRow.idref="orgunit_name"/>
		</simpleFilterRow>
		<listHeaderRow>
			<listHeader column="LC_hierarchy_signoffowner_sel_1" propertyKey="tableheader.name" width="35%"/>
			<listHeader column="LC_hierarchy_signoffowner_sel_2" propertyKey="tableheader.description" width="15%"/>
			<listHeader column="LC_hierarchy_signoffowner_sel_4" propertyKey="attribute.HIERARCHY.bb_codigoUOR.DBI" width="10%"/>
			<listHeader column="LC_hierarchy_signoffowner_sel_5" propertyKey="attribute.USERGROUP.bb_orgunit.DBI" width="35%"/>
		</listHeaderRow>
		<column id="LC_hierarchy_signoffowner_sel_1" dataReference.idref="usergroup_name" template="openObject"/>
		<column id="LC_hierarchy_signoffowner_sel_2" dataReference.idref="description" />
		<column id="LC_hierarchy_signoffowner_sel_4" dataReference.idref="orgunit_codigoUOR" />
		<column id="LC_hierarchy_signoffowner_sel_5" dataReference.idref="orgunit_name" />
		<listButtons/>
		<rowButtons>
			<buttonReference button.idref="LISTROW_ATTACH_DEST"/>
		</rowButtons>
	</list>
	
	<list id="client"
          view.idref="client"
          filter.idref="client"
          idColumn.idref="id"
          defaultOrderColumn.idref="sign"
          allowMarkAsIssueRelevant="true"
          relatedObjectType.idref="CLIENT"
            propertyKey="list.client.DBI">
		<simpleFilterRow>
			<simpleFilter filterRow.idref="sign"/>
			<simpleFilter filterRow.idref="language"/>
		</simpleFilterRow>
		<simpleFilterRow>
			<simpleFilter filterRow.idref="name"/>
			<simpleFilter filterRow.idref="description"/>
		</simpleFilterRow>
		<listHeaderRow>
			<listHeader column="LC_5_1" propertyKey="tableheader.sign" width="10%"/>
			<listHeader column="LC_5_2" propertyKey="tableheader.name" width="20%"/>
			<listHeader column="LC_5_3" propertyKey="tableheader.email" width="20%"/>
			<listHeader column="LC_5_4" propertyKey="tableheader.language" width="10%"/>
			<listHeader column="LC_5_5" propertyKey="tableheader.description" width="40%"/>
		</listHeaderRow>
		<column id="LC_5_1" dataReference.idref="sign" template="openObject">
			<parameter name="idColumn" value="id"/>
		</column>
		<column id="LC_5_2" dataReference.idref="name" />
		<column id="LC_5_3" dataReference.idref="email" />
		<column id="LC_5_4" align="center" dataReference.idref="language" >
			<parameter name="showImage" value="true"/>
			<parameter name="showText" value="false"/>
		</column>
		<column id="LC_5_5" dataReference.idref="description" />
		<listButtons>
			<buttonReference button.idref="LIST_CREATE"/>
			<buttonReference button.idref="LIST_OPEN"/>
			<!-- BdB has requested it 
			<buttonReference button.idref="FIELDSELECT"/>
			 -->
            <buttonReference button.idref="PDF_REPORT"/>
            <buttonReference button.idref="EXCEL_REPORT"/>
		</listButtons>
		<rowButtons>
			<buttonReference button.idref="RELATION_POPUP"/>
		</rowButtons>
	</list>
	
	<list id="all_newsmessages"
          view.idref="all_newsmessages"
          filter.idref="news"
          idColumn.idref="newsmessage_id"
          defaultOrderColumn.idref="newsmessage_fromdate"
          allowMarkAsIssueRelevant="true"
          relatedObjectType.idref="NEWSMESSAGE"
          propertyKey="list.all_newsmessages.DBI"
            >
        <simpleFilterRow>
            <simpleFilter filterRow.idref="clientSign"/>
            <simpleFilter filterRow.idref="newsmessage_period"/>
        </simpleFilterRow>
        <simpleFilterRow>
            <simpleFilter filterRow.idref="newsmessage_name"/>
            <simpleFilter filterRow.idref="newsmessage_body"/>
        </simpleFilterRow>
        <listHeaderRow>
            <listHeader column="LC_16_1" propertyKey="tableheader.newsmessages.titel" width="17%"/>
            <listHeader column="LC_16_2" propertyKey="tableheader.newsmessages.body" width="49%"/>
            <listHeader column="LC_16_3" propertyKey="tableheader.newsmessages.fromdate" width="17%"/>
            <listHeader column="LC_16_4" propertyKey="tableheader.newsmessages.todate" width="17%"/>
        </listHeaderRow>
        <column id="LC_16_1" dataReference.idref="newsmessage_name" template="openObject">
            <parameter name="idColumn" value="newsmessage_id"/>
        </column>
        <column id="LC_16_2" dataReference.idref="newsmessage_body" />
        <column id="LC_16_3" align="center" dataReference.idref="newsmessage_fromdate" />
        <column id="LC_16_4" align="center" dataReference.idref="newsmessage_todate" />
        <listButtons>
            <buttonReference button.idref="LIST_CREATE"/>
            <buttonReference button.idref="LIST_OPEN"/>
            <buttonReference button.idref="LIST_DELETE"/>
            <!-- BdB has requested it 
            <buttonReference button.idref="FIELDSELECT"/>
            -->
            <buttonReference button.idref="PDF_REPORT"/>
            <buttonReference button.idref="EXCEL_REPORT"/>
        </listButtons>
        <rowButtons>
            <buttonReference button.idref="RELATION_POPUP"/>
            <buttonReference button.idref="LISTROW_DELETE"/>
        </rowButtons>
    </list>
    
    <list id="user2usergroup_rev_refs"
          filter.idref="usergroup_rev_ref"
          idColumn.idref="obj_id"
          defaultOrderColumn.idref="name"
          destAttributeType.idref="groupmembers"
          destDataType.idref="USERGROUP"
          frame="tabcontent"
          listType="assignment"
          relatedObjectType.idref="USERGROUP">
		<simpleFilterRow>
			<simpleFilter filterRow.idref="name"/>
			<simpleFilter filterRow.idref="role"/>
		</simpleFilterRow>
		<simpleFilterRow>
			<simpleFilter filterRow.idref="client_sign"/>
			<simpleFilter filterRow.idref="roleLEVEL"/>
		</simpleFilterRow>
		<listHeaderRow>
			<listHeader column="LC_31_1" propertyKey="tableheader.name" width="30%"/>
			<listHeader column="LC_31_0" propertyKey="tableheader.client" width="5%"/>
			<listHeader column="LC_31_2" propertyKey="tableheader.description" width="45%"/>
			<listHeader column="LC_31_3" propertyKey="tableheader.role" width="10%"/>
			<listHeader column="LC_31_4" propertyKey="tableheader.rolelevel" width="10%"/>
		</listHeaderRow>
		<column id="LC_31_1" dataReference.idref="name" template="openUsergroupObject">
			<parameter name="idColumn" value="obj_id"/>
		</column>
		<column id="LC_31_0" align="center" dataReference.idref="client_sign" />
		<column id="LC_31_2" dataReference.idref="description" />
		<column id="LC_31_3" align="center" dataReference.idref="role"  >
			<parameter name="showImage" value="false"/>
			<parameter name="showText" value="true"/>
		</column>
		<column id="LC_31_4" align="center" dataReference.idref="rolelevel"  >
			<parameter name="showImage" value="false"/>
			<parameter name="showText" value="true"/>
		</column>
		<listButtons>
		</listButtons>
		<rowButtons>
		</rowButtons>
	</list>
	
	<list id="BB_process2control"
          view.idref="BB_process2control"
          filter.idref="hierarchy2control"
          idColumn.idref="control_obj_id"
          defaultOrderColumn.idref="name"
          frame="content.tabcontent"
          relatedObjectType.idref="CONTROL"
          rightsPath.datakind="transactiondata"
          ignoreRoleRestriction="true"
          allowMarkAsIssueRelevant="true">
		<simpleFilterRow>
            <simpleFilter filterRow.idref="subordinatedMasterData"/>
            <simpleFilter filterRow.idref="name"/>
        </simpleFilterRow>
        <simpleFilterRow>
            <simpleFilter filterRow.idref="controls"/>
        </simpleFilterRow>
        <listHeaderRow>
			<listHeader column="LC_hierarchy2control_refs_1_1" propertyKey="tableheader.name" width="30%"/>
			<listHeader column="LC_hierarchy2control_refs_1_2" propertyKey="tableheader.control.controls" width="70%"/>
		</listHeaderRow>
		<column id="LC_hierarchy2control_refs_1_1" dataReference.idref="name" template="openObject">
			<parameter name="idColumn" value="control_obj_id"/>
		</column>
		<column id="LC_hierarchy2control_refs_1_2" dataReference.idref="controls" />
		<listButtons/>
		<rowButtons/>
	</list>
	
	<list id="hierarchy2testdefinition_refs"
          view.idref="hierarchy2testdef_refs_1"
          filter.idref="hierarchy2testdefinition"
          idColumn.idref="testdefinition_obj_id"
          defaultOrderColumn.idref="testdefinition_name"
          frame="content.tabcontent"
          relatedObjectType.idref="TESTDEFINITION"
          rightsPath.datakind="transactiondata"
          ignoreRoleRestriction="true"
          allowMarkAsIssueRelevant="true">
		<simpleFilterRow>
            <simpleFilter filterRow.idref="subordinatedMasterData"/>
            <simpleFilter filterRow.idref="testdefinition_name"/>
        </simpleFilterRow>
        <simpleFilterRow>
            <simpleFilter filterRow.idref="startdate"/>
		</simpleFilterRow>
		<listHeaderRow>
			<listHeader column="LC_hierarchy2testdefintion_refs_1_1" propertyKey="tableheader.name" width="21%"/>
			<listHeader column="LC_hierarchy2testdefintion_refs_1_0" propertyKey="tableheader.id" width="6%"/>
			<listHeader column="LC_hierarchy2testdefintion_refs_1_2" propertyKey="tableheader.control.DBI" width="20%"/>
			<listHeader column="LC_hierarchy2testdefintion_refs_1_3" propertyKey="tableheader.responsible.testergroup" width="20%"/>
			<listHeader column="LC_hierarchy2testdefintion_refs_1_4" propertyKey="tableheader.frequency" width="11%"/>
			<listHeader column="LC_hierarchy2testdefintion_refs_1_5" propertyKey="tableheader.duration" width="11%"/>
			<listHeader column="LC_hierarchy2testdefintion_refs_1_6" propertyKey="tableheader.start" width="11%"/>
		</listHeaderRow>
		<column id="LC_hierarchy2testdefintion_refs_1_1" dataReference.idref="testdefinition_name" template="openObject">
			<parameter name="idColumn" value="testdefinition_obj_id"/>
		</column>
		<column id="LC_hierarchy2testdefintion_refs_1_0" dataReference.idref="testdefinition_obj_id" />
		<column id="LC_hierarchy2testdefintion_refs_1_2" dataReference.idref="control_name" template="object">
		    <parameter name="idColumn" value="control_obj_id"/>
        </column>
		<column id="LC_hierarchy2testdefintion_refs_1_3" dataReference.idref="group_name" template="object">
			<parameter name="idColumn" value="group_id"/>
            <parameter name="deactivatedColumn" value="group_deactivated"/>
		</column>
		<column id="LC_hierarchy2testdefintion_refs_1_4" align="center" dataReference.idref="frequency" >
			<parameter name="showImage" value="false"/>
			<parameter name="showText" value="true"/>
		</column>
		<column id="LC_hierarchy2testdefintion_refs_1_5" dataReference.idref="duration" />
		<column id="LC_hierarchy2testdefintion_refs_1_6" align="center" dataReference.idref="startdate" />
		<listButtons/>
		<rowButtons/>
	</list>
    
    <list id="hierarchy2testaction_refs"
          view.idref="hierarchy2testaction_refs_1"
          filter.idref="hierarchy2testaction_refs"
          idColumn.idref="ta_id"
          defaultOrderColumn.idref="ta_id"
          frame="content.tabcontent"
          relatedObjectType.idref="TESTCASE"
          rightsPath.datakind="transactiondata"
          ignoreRoleRestriction="true"
          allowMarkAsIssueRelevant="true">
		<simpleFilterRow>
            <simpleFilter filterRow.idref="subordinated"/>
            <simpleFilter filterRow.idref="state"/>
		</simpleFilterRow>
        <simpleFilterRow>
            <simpleFilter filterRow.idref="testing_period"/>
            <simpleFilter filterRow.idref="control_period"/>
        </simpleFilterRow>
        <simpleFilterRow>
            <simpleFilter filterRow.idref="type"/>
        </simpleFilterRow>
        <listHeaderRow>
			<listHeader column="LC_hierarchy2testaction_refs_1_1" propertyKey="tableheader.testcase" rowSpan="2" width="9%"/>
			<listHeader column="LC_hierarchy2testaction_refs_1_9" propertyKey="tableheader.client" rowSpan="2" width="10%"/>
			<listHeader column="LC_hierarchy2testaction_refs_1_2" propertyKey="tableheader.responsible.testergroup" rowSpan="2" width="13%"/>
			<listHeader column="LC_hierarchy2testaction_refs_1_2a" propertyKey="tableheader.tester.hierarchy" rowSpan="2" width="13%"/>
			<listHeader column="LC_hierarchy2testaction_refs_1_3" propertyKey="tableheader.performed.by" rowSpan="2" width="13%"/>
			<listHeader column="LC_hierarchy2testaction_refs_1_4" propertyKey="tableheader.testing.date" rowSpan="2" width="10%"/>
			<listHeader colSpan="2" propertyKey="tableheader.testing.period" width="20%"/>
			<listHeader column="LC_hierarchy2testaction_refs_1_7" propertyKey="tableheader.test.result" rowSpan="2" width="7%"/>
			<listHeader column="LC_hierarchy2testaction_refs_1_8" propertyKey="tableheader.type" rowSpan="2" width="5%"/>
		</listHeaderRow>
		<listHeaderRow>
			<listHeader column="LC_hierarchy2testaction_refs_1_5" propertyKey="tableheader.testing.begin" width="10%"/>
			<listHeader column="LC_hierarchy2testaction_refs_1_6" propertyKey="tableheader.testing.end" width="10%"/>
		</listHeaderRow>
		<column id="LC_hierarchy2testaction_refs_1_1" dataReference.idref="ta_id" template="openObject">
			<parameter name="idColumn" value="ta_id"/>
		</column>
		<column id="LC_hierarchy2testaction_refs_1_9" dataReference.idref="client_sign" />
		<column id="LC_hierarchy2testaction_refs_1_2" dataReference.idref="group_name" template="object">
			<parameter name="deactivatedColumn" value="group_deactivated"/>
		</column>
		<column id="LC_hierarchy2testaction_refs_1_2a" dataReference.idref="testergroup_name" template="object">
			<parameter name="deactivatedColumn" value="testergroup_deactivated"/>
		</column>
		<column id="LC_hierarchy2testaction_refs_1_3" dataReference.idref="user_name" template="userSubstitute">
			<parameter name="substitute" value="substitute_name"/>
			<parameter name="deactivatedProperty" value="user_deactivated"/>
			<parameter name="substituteDeactivatedProperty" value="substitute_deactivated"/>
		</column>
		<column id="LC_hierarchy2testaction_refs_1_4" align="center" dataReference.idref="execution_date" />
		<column id="LC_hierarchy2testaction_refs_1_5" align="center" dataReference.idref="plannedstartdate" />
		<column id="LC_hierarchy2testaction_refs_1_6" align="center" dataReference.idref="plannedenddate" />
		<column id="LC_hierarchy2testaction_refs_1_7" align="center" dataReference.idref="owner_status" >
			<parameter name="showImage" value="true"/>
			<parameter name="showText" value="false"/>
		</column>
		<column id="LC_hierarchy2testaction_refs_1_8" align="center" dataReference.idref="type" >
			<parameter name="showImage" value="true"/>
			<parameter name="showText" value="false"/>
		</column>
		<listButtons/>
		<rowButtons/>
	</list>
	
	<list id="hierarchy2risk_refs"
          view.idref="hierarchy2risk_refs_1"
          filter.idref="hierarchy2risk"
          idColumn.idref="risk_obj_id"
          defaultOrderColumn.idref="name"
          frame="content.tabcontent"
          relatedObjectType.idref="RISK"
          rightsPath.datakind="transactiondata"
          ignoreRoleRestriction="true"
          allowMarkAsIssueRelevant="true">
		<simpleFilterRow>
            <simpleFilter filterRow.idref="subordinatedMasterDataRisk"/>
            <simpleFilter filterRow.idref="name"/>
        </simpleFilterRow>
        <simpleFilterRow>
            <simpleFilter filterRow.idref="description"/>
        </simpleFilterRow>
		<listHeaderRow>
			<listHeader column="LC_hierarchy2risk_refs_1_1" propertyKey="tableheader.name" width="30%"/>
			<listHeader column="LC_hierarchy2risk_refs_1_2" propertyKey="tableheader.description" width="70%"/>
		</listHeaderRow>
		<column id="LC_hierarchy2risk_refs_1_1" dataReference.idref="name" template="openObject">
			<parameter name="idColumn" value="risk_obj_id"/>
		</column>
		<column id="LC_hierarchy2risk_refs_1_2" dataReference.idref="description" />
		<listButtons/>
		<rowButtons/>
	</list>
	
	<list id="hierarchy2control_refs"
          view.idref="hierarchy2control_refs_1"
          filter.idref="hierarchy2control"
          idColumn.idref="control_obj_id"
          defaultOrderColumn.idref="name"
          frame="content.tabcontent"
          relatedObjectType.idref="CONTROL"
          rightsPath.datakind="transactiondata"
          ignoreRoleRestriction="true"
          allowMarkAsIssueRelevant="true">
		<simpleFilterRow>
            <simpleFilter filterRow.idref="subordinatedMasterData"/>
            <simpleFilter filterRow.idref="name"/>
        </simpleFilterRow>
        <simpleFilterRow>
            <simpleFilter filterRow.idref="controls"/>
        </simpleFilterRow>
        <listHeaderRow>
			<listHeader column="LC_hierarchy2control_refs_1_1" propertyKey="tableheader.name" width="40%"/>
			<listHeader column="LC_hierarchy2control_refs_1_2" propertyKey="tableheader.control.controls" width="30%"/>
			<listHeader column="LC_hierarchy2control_refs_1_3" propertyKey="tableheader.control.owner" width="30%"/>
		</listHeaderRow>
		<column id="LC_hierarchy2control_refs_1_1" dataReference.idref="name" template="openObject">
			<parameter name="idColumn" value="control_obj_id"/>
		</column>
		<column id="LC_hierarchy2control_refs_1_2" dataReference.idref="controls" />
		<column id="LC_hierarchy2control_refs_1_3" dataReference.idref="group_name" template="object">
			<parameter name="deactivatedColumn" value="group_deactivated"/>
		</column>
		<listButtons/>
		<rowButtons/>
	</list>
	
	<list id="hierarchy2process_refs"
          view.idref="hierarchy2process_refs_1"
          filter.idref="hierarchy2process"
          idColumn.idref="obj_id"
          defaultOrderColumn.idref="name"
          frame="content.tabcontent"
          relatedObjectType.idref="HIERARCHY"
          rightsPath.datakind="transactiondata"
          ignoreRoleRestriction="true"
          allowMarkAsIssueRelevant="true">
		<simpleFilterRow>
            <simpleFilter filterRow.idref="subordinatedMasterData"/>
            <simpleFilter filterRow.idref="name"/>
        </simpleFilterRow>
        <simpleFilterRow>
            <simpleFilter filterRow.idref="description"/>
        </simpleFilterRow>
		<listHeaderRow>
			<listHeader column="LC_hierarchy2process_refs_1_1" propertyKey="tableheader.name" width="30%"/>
			<listHeader column="LC_hierarchy2process_refs_1_2" propertyKey="tableheader.description" width="70%"/>
		</listHeaderRow>
		<column id="LC_hierarchy2process_refs_1_1" dataReference.idref="name" template="openObject">
			<parameter name="idColumn" value="obj_id"/>
		</column>
		<column id="LC_hierarchy2process_refs_1_2" dataReference.idref="description" />
		<listButtons/>
		<rowButtons/>
	</list>
	
	<!-- BdB CUSTOMIZATION -->
    <list id="bb_process2soprocess"
          view.idref="bb_process2soprocess"
          filter.idref="base"
          idColumn.idref="process_id"
          defaultOrderColumn.idref="process_id"
          frame="tabcontent"
          ignoreRoleRestriction="true"
          relatedObjectType.idref="SOPROCESS">
        <listHeaderRow>
			<listHeader column="LC_process2soprocess_1" propertyKey="tableheader.id" rowSpan="2" width="60%"/>
            <listHeader colSpan="2" propertyKey="tableheader.control.period" width="18%"/>
            <listHeader colSpan="2" propertyKey="tableheader.so.period" width="18%"/>			
		</listHeaderRow>
        <listHeaderRow>
            <listHeader column="LC_process2soprocess_5" propertyKey="tableheader.begin" width="9%"/>
            <listHeader column="LC_process2soprocess_6" propertyKey="tableheader.end" width="9%"/>
            <listHeader column="LC_process2soprocess_7" propertyKey="tableheader.begin" width="9%"/>
            <listHeader column="LC_process2soprocess_8" propertyKey="tableheader.end" width="9%"/>
        </listHeaderRow>
		
		<column id="LC_process2soprocess_1" dataReference.idref="process_id" template="openObject">
			<parameter name="idColumn" value="process_id"/>
		</column>
		<column id="LC_process2soprocess_5" align="center" dataReference.idref="process_control_start" />
		<column id="LC_process2soprocess_6" align="center" dataReference.idref="process_control_end" />
        <column id="LC_process2soprocess_7" align="center" dataReference.idref="process_so_start" />
        <column id="LC_process2soprocess_8" align="center" dataReference.idref="process_so_end" />		
		<listButtons/>
		<rowButtons/>
	</list>
</custom>