<?xml version="1.0" encoding="UTF-8"?>
<custom xmlns:xsi="http://www.w3.org/2001/XMLSchema-instance" xsi:noNamespaceSchemaLocation="../xsd/custom.xsd">
	
	<!-- BdB wants to reactivate deficiencies -->
	<list id="deficiency"
          view.idref="deficiency"
          filter.idref="deficiency"
          idColumn.idref="id"
          defaultOrderColumn.idref="deficiency_id"
          allowMarkAsIssueRelevant="true"
          canObjectsBeReactivated="true" 
          relatedObjectType.idref="DEFICIENCY"
          propertyKey="list.deficiency.DBI">
		<simpleFilterRow>
			<simpleFilter filterRow.idref="deficiency_id"/>
			<simpleFilter filterRow.idref="company"/>
		</simpleFilterRow>
		<simpleFilterRow>
			<simpleFilter filterRow.idref="clientSign"/>
			<simpleFilter filterRow.idref="ta_id"/>
		</simpleFilterRow>
		<listHeaderRow>
			<listHeader column="LC_DEFICIENCY_DEFICIENCYID" propertyKey="tableheader.deficiency.deficiency_id" width="10%"/>
		    <!--  
		    <listHeader column="LC_DEFICIENCY_CLIENTSIGN" propertyKey="tableheader.deficiency.client" width="10%"/>
		    <listHeader column="LC_DEFICIENCY_COMPANY" propertyKey="tableheader.deficiency.company" width="10%"/>
		    -->
		    <listHeader column="LC_DEFICIENCY_TAID" propertyKey="tableheader.deficiency.ta_id" width="10%"/>
		    <listHeader column="LC_DEFICIENCY_SAVESTATE" propertyKey="tableheader.deficiency.savestate_l1" width="5%"/>
		    <listHeader column="LC_DEFICIENCY_SAVESTATEL2" propertyKey="tableheader.deficiency.savestate_l2" width="5%"/>
		    <listHeader column="LC_DEFICIENCY_SAVESTATEL3" propertyKey="tableheader.deficiency.savestate_l3" width="5%"/>
		    <!--  <listHeader column="LC_DEFICIENCY_DESCR_L1" propertyKey="tableheader.deficiency.descr_l1" width="10%"/> -->
		    <listHeader column="LC_DEFICIENCY_LIKELIHOOD" propertyKey="tableheader.deficiency.likelihood" width="10%"/>
		    <listHeader column="LC_DEFICIENCY_MAGNITUDE" forceInline="false" propertyKey="tableheader.deficiency.magnitude" width="25%"/>
		    <listHeader column="LC_DEFICIENCY_REMEDIEDBYMGMT" forceInline="false" propertyKey="tableheader.deficiency.remedied_by_mgmt" width="15%"/>
		    <listHeader column="LC_DEFICIENCY_STILLEXISTSATYEAREND" forceInline="false" propertyKey="tableheader.deficiency.still_exists_at_yearend" width="15%"/>
		</listHeaderRow>
		<!-- BEGIN : Issue #113859 : TC.GD.157 - Explorer/Gestão de deficiência/Deficiências - ID -->
		<!-- <column id="LC_DEFICIENCY_DEFICIENCYID" dataReference.idref="deficiency_id" template="openObject">
			<parameter name="idColumn" value="id"/>
		</column> -->
		<column id="LC_DEFICIENCY_DEFICIENCYID" dataReference.idref="id" template="openObject">
			<parameter name="idColumn" value="id"/>
		</column>
		<!-- END -->
		<!--  
		<column id="LC_DEFICIENCY_CLIENTSIGN" align="center" dataReference.idref="client_sign" />
		<column id="LC_DEFICIENCY_COMPANY" dataReference.idref="company" />
		-->
		<column id="LC_DEFICIENCY_TAID" dataReference.idref="ta_id" template="object">
			<parameter name="deactivatedColumn" value="ta_deactivated"/>
		</column>
		<column id="LC_DEFICIENCY_SAVESTATE" align="center" dataReference.idref="savestate" >
			<parameter name="showImage" value="false"/>
			<parameter name="showText" value="true"/>
		</column>
		<column id="LC_DEFICIENCY_SAVESTATEL2" align="center" dataReference.idref="savestate_l2" >
			<parameter name="showImage" value="false"/>
			<parameter name="showText" value="true"/>
		</column>
		<column id="LC_DEFICIENCY_SAVESTATEL3" align="center" dataReference.idref="savestate_l3" >
			<parameter name="showImage" value="false"/>
			<parameter name="showText" value="true"/>
		</column>
		<!--  <column id="LC_DEFICIENCY_DESCR_L1" dataReference.idref="descr_l1" /> -->
		<column id="LC_DEFICIENCY_LIKELIHOOD" align="center" dataReference.idref="likelihood" >
			<parameter name="showImage" value="false"/>
			<parameter name="showText" value="true"/>
		</column>
		<column id="LC_DEFICIENCY_MAGNITUDE" dataReference.idref="magnitude" template="stringEnum">
            <parameter name="enumProperty" value="currency"/>
		</column>

		<column id="LC_DEFICIENCY_REMEDIEDBYMGMT" align="center" dataReference.idref="remedied_by_mgmt" >
			<parameter name="showText" value="false"/>
		</column>
		<column id="LC_DEFICIENCY_STILLEXISTSATYEAREND" align="center" dataReference.idref="still_exists_at_yearend" >
			<parameter name="showText" value="false"/>
		</column>
		<listButtons>
			<buttonReference button.idref="LIST_CREATE"/>
			<buttonReference button.idref="LIST_OPEN"/>
			<buttonReference button.idref="LIST_DELETE"/>
            <buttonReference button.idref="PDF_REPORT"/>
            <buttonReference button.idref="EXCEL_REPORT"/>
		</listButtons>
		<rowButtons>
			<buttonReference button.idref="RELATION_POPUP"/>
			<buttonReference button.idref="LISTROW_DELETE"/>
		</rowButtons>	
	</list>
	
	<!-- BdB CUSTOMIZATION -->
	<list id="testcase2def"
          view.idref="testcase2def"
          filter.idref="testcase2def"
          idColumn.idref="ta_id"
          defaultOrderColumn.idref="ta_id"
          relatedObjectType.idref="TESTCASE"
          rightsPath.datakind="transactiondata"
		  destAttributeType.idref="bb_testcase"
          destDataType.idref="DEFICIENCY"
          frame="popup"
          listType="selection"
          useCheckBoxes="false">
		<simpleFilterRow>		 
			<simpleFilter filterRow.idref="ta_id"/>		
            <simpleFilter filterRow.idref="type"/>					
		</simpleFilterRow>
		<simpleFilterRow>		 
			<simpleFilter filterRow.idref="start_test"/>		
            <simpleFilter filterRow.idref="end_test"/>					
		</simpleFilterRow>
		<simpleFilterRow>		 
			<simpleFilter filterRow.idref="start_control_date"/>		
            <simpleFilter filterRow.idref="end_control_date"/>					
		</simpleFilterRow>  
		  
		<simpleFilterRow>					
            <simpleFilter filterRow.idref="execution_period_issue"/>
            <simpleFilter filterRow.idref="walkthrough_name"/>
		</simpleFilterRow>		
		<listHeaderRow>
			<listHeader column="LC_testdefinition2def_1" propertyKey="tableheader.testcase" width="10%" forceInline="false"/>
               <listHeader column="LC_testdefinition2def_2" propertyKey="tableheader.type" width="10%" forceInline="false"/>                     
			<listHeader column="LC_testdefinition2def_3" propertyKey="tableheader.start.test" width="10%" forceInline="false"/>
			<listHeader column="LC_testdefinition2def_4" propertyKey="tableheader.end.test" width="10%" forceInline="false"/>
			<listHeader column="LC_testdefinition2def_5" propertyKey="tableheader.start.control.date" width="10%" forceInline="false"/>
			<listHeader column="LC_testdefinition2def_6" propertyKey="tableheader.end.control.date" width="10%" forceInline="false"/>
			<listHeader column="LC_testdefinition2def_7" propertyKey="tableheader.testing.date" width="10%" forceInline="false"/>				
               <listHeader column="LC_testdefinition2def_8" propertyKey="tableheader.walkthrough.name" width="15%" forceInline="false"/>				
               <listHeader column="LC_testdefinition2def_9" propertyKey="tableheader.walkthrough.counter" width="15%" forceInline="false"/>                
		</listHeaderRow>                           				
			
		<column id="LC_testdefinition2def_1" dataReference.idref="ta_id"/>
           <column id="LC_testdefinition2def_2" align="center" dataReference.idref="type"/>
		<column id="LC_testdefinition2def_3" align="center" dataReference.idref="plannedstartdate_from" />
		<column id="LC_testdefinition2def_4" align="center" dataReference.idref="plannedenddate_from" />
           <column id="LC_testdefinition2def_5" align="center" dataReference.idref="controlstartdate_from"/>			
		<column id="LC_testdefinition2def_6" align="center" dataReference.idref="controlenddate_from"/>           			
		<column id="LC_testdefinition2def_7" align="center" dataReference.idref="testdatefrom" />
		<column id="LC_testdefinition2def_8" align="center" dataReference.idref="walkthrough_name" />
		<column id="LC_testdefinition2def_9" align="center" dataReference.idref="walkthrough_counter" />
		<listButtons/>
		<rowButtons>
			<buttonReference button.idref="LISTROW_ATTACH_DEST"/>
		</rowButtons>			
	</list>
		
	<!-- BEGIN : Issue #113856 : TC.GD.156 - Explorer/Gestão de deficiência/Deficiências - Preencher o campo processo -->
	<list id="deficiency_process"
         view.idref="hierarchy"
         filter.idref="deficiency_process"
         idColumn.idref="obj_id"
         defaultOrderColumn.idref="name"
         allowMarkAsIssueRelevant="true"
         destDataType.idref="DEFICIENCY"
         destAttributeType.idref="process"
         frame="popup"
         listType="selection"
         relatedObjectType.idref="HIERARCHY"
         useCheckBoxes="true">
		<simpleFilterRow>
			<simpleFilter filterRow.idref="name"/>
            <simpleFilter filterRow.idref="description"/>
        </simpleFilterRow>
        <simpleFilterRow>
			<simpleFilter filterRow.idref="isroot"/>
			<simpleFilter filterRow.idref="hnumber"/>
		</simpleFilterRow>
		<listHeaderRow>
			<listHeader column="LC_hierarchy_1" propertyKey="tableheader.name" width="20%"/>
			<listHeader column="LC_hierarchy_2" propertyKey="tableheader.description" width="42%"/>
			<listHeader column="LC_hierarchy_3" propertyKey="tableheader.isroot" width="8%"/>
			<listHeader column="LC_hierarchy_4" propertyKey="tableheader.hnumber" width="30%"/>
		</listHeaderRow>
		<column id="LC_hierarchy_1" dataReference.idref="name" template="openObject">
			<parameter name="idColumn" value="obj_id"/>
            <parameter name="mode" value="View"/>
		</column>
		<column id="LC_hierarchy_2" dataReference.idref="description" />
		<column id="LC_hierarchy_3" dataReference.idref="isroot" />
		<column id="LC_hierarchy_4" align="center" dataReference.idref="hnumber" />
		<listButtons>
			<buttonReference button.idref="LIST_ATTACH_DEST"/>
			<buttonReference button.idref="LIST_VIEW"/>
			<buttonReference button.idref="LIST_EDIT"/>
            <buttonReference button.idref="LIST_DELETE"/>
            <buttonReference button.idref="PDF_REPORT"/>
            <buttonReference button.idref="EXCEL_REPORT"/>
		</listButtons>
		<rowButtons>
			<buttonReference button.idref="LIST_ATTACH_DEST"/>
			<buttonReference button.idref="LISTROW_VIEW"/>
			<buttonReference button.idref="LISTROW_EDIT"/>
            <buttonReference button.idref="LISTROW_DELETE"/>
		</rowButtons>
	</list>
	<!-- END -->
		
	<list id="BB_deficiency2testaction_refs"
          view.idref="BB_deficiency_testaction_refs"
          filter.idref="base"
          idColumn.idref="deficiency_id"
          defaultOrderColumn.idref="deficiency_defid"
          frame="tabcontent"
          ignoreRoleRestriction="true"
          relatedObjectType.idref="DEFICIENCY">
		<listHeaderRow>
			<listHeader column="LC_testaction2deficiency_refs_1_1" propertyKey="tableheader.deficiency.deficiency_id" width="10%"/>
			<listHeader column="LC_testaction2deficiency_refs_1_2" propertyKey="tableheader.deficiency.savestate_l1" width="20%"/>
			<listHeader column="LC_testaction2deficiency_refs_1_3" propertyKey="tableheader.deficiency.savestate_l2" width="20%"/>
			<listHeader column="LC_testaction2deficiency_refs_1_4" propertyKey="tableheader.deficiency.savestate_l3" width="20%"/>
			<listHeader column="LC_testaction2deficiency_refs_1_5" propertyKey="tableheader.deficiency.function" width="30%"/>
		</listHeaderRow>
		<column id="LC_testaction2deficiency_refs_1_1" dataReference.idref="id" template="openObject">
			<parameter name="idColumn" value="id"/>
		</column>
		<column id="LC_testaction2deficiency_refs_1_2" dataReference.idref="deficiency_savestate" />
		<column id="LC_testaction2deficiency_refs_1_3" dataReference.idref="deficiency_savestate_l2" />
		<column id="LC_testaction2deficiency_refs_1_4" dataReference.idref="deficiency_savestate_l3" />
		<column id="LC_testaction2deficiency_refs_1_5" dataReference.idref="process_name" />
		<listButtons>
			<buttonReference button.idref="PARENT_LIST_OPEN"/>
			<buttonReference button.idref="LIST_DELETE"/>
		</listButtons>
		<rowButtons>
			<buttonReference button.idref="RELATION_POPUP"/>
			<buttonReference button.idref="LISTROW_DELETE"/>
		</rowButtons>
	</list>
	
	<list id="deficiency_managerl2_sel"
          view.idref="deficiency_managerl2_sel"
          filter.idref="deficiency_managerl2_sel"
          idColumn.idref="usergroup_id"
          defaultOrderColumn.idref="usergroup_name"
          nameColumn.idref="usergroup_name"
          destAttributeType.idref="manager_group_l2"
          destDataType.idref="DEFICIENCY"
          frame="popup"
          listType="selection"
          relatedObjectType.idref="USERGROUP"
          useCheckBoxes="false">
		<simpleFilterRow>
			<simpleFilter filterRow.idref="usergroup_name"/>
			<simpleFilter filterRow.idref="usergroup_description"/>
		</simpleFilterRow>
		<simpleFilterRow>
			<simpleFilter filterRow.idref="orgunit_codigoUOR"/>
			<simpleFilter filterRow.idref="orgunit_name"/>
		</simpleFilterRow>
		<listHeaderRow>
			<listHeader column="LC_deficiency_managerl2_sel_1" propertyKey="tableheader.name" width="35%"/>
			<listHeader column="LC_deficiency_managerl2_sel_2" propertyKey="tableheader.description" width="15%"/>
			<listHeader column="LC_deficiency_managerl2_sel_4" propertyKey="attribute.HIERARCHY.bb_codigoUOR.DBI" width="10%"/>
			<listHeader column="LC_deficiency_managerl2_sel_5" propertyKey="attribute.USERGROUP.bb_orgunit.DBI" width="35%"/>
		</listHeaderRow>
		<column id="LC_deficiency_managerl2_sel_1" dataReference.idref="usergroup_name" template="openObject"/>
		<column id="LC_deficiency_managerl2_sel_2" dataReference.idref="description" />
		<column id="LC_deficiency_managerl2_sel_4" dataReference.idref="orgunit_codigoUOR" />
		<column id="LC_deficiency_managerl2_sel_5" dataReference.idref="orgunit_name" />
		<listButtons/>
		<rowButtons>
			<buttonReference button.idref="LISTROW_ATTACH_DEST"/>
		</rowButtons>
	</list>
	
	<list id="deficiency_managerl3_sel"
          view.idref="deficiency_managerl3_sel"
          filter.idref="deficiency_managerl3_sel"
          idColumn.idref="usergroup_id"
          defaultOrderColumn.idref="usergroup_name"
          nameColumn.idref="usergroup_name"
          destAttributeType.idref="manager_group_l3"
          destDataType.idref="DEFICIENCY"
          frame="popup"
          listType="selection"
          relatedObjectType.idref="USERGROUP"
          useCheckBoxes="false">
		<simpleFilterRow>
			<simpleFilter filterRow.idref="usergroup_name"/>
			<simpleFilter filterRow.idref="usergroup_description"/>
		</simpleFilterRow>
		<simpleFilterRow>
			<simpleFilter filterRow.idref="orgunit_codigoUOR"/>
			<simpleFilter filterRow.idref="orgunit_name"/>
		</simpleFilterRow>
		<listHeaderRow>
			<listHeader column="LC_deficiency_managerl2_sel_1" propertyKey="tableheader.name" width="35%"/>
			<listHeader column="LC_deficiency_managerl2_sel_2" propertyKey="tableheader.description" width="15%"/>
			<listHeader column="LC_deficiency_managerl2_sel_4" propertyKey="attribute.HIERARCHY.bb_codigoUOR.DBI" width="10%"/>
			<listHeader column="LC_deficiency_managerl2_sel_5" propertyKey="attribute.USERGROUP.bb_orgunit.DBI" width="35%"/>
		</listHeaderRow>
		<column id="LC_deficiency_managerl2_sel_1" dataReference.idref="usergroup_name" template="openObject"/>
		<column id="LC_deficiency_managerl2_sel_2" dataReference.idref="description" />
		<column id="LC_deficiency_managerl2_sel_4" dataReference.idref="orgunit_codigoUOR" />
		<column id="LC_deficiency_managerl2_sel_5" dataReference.idref="orgunit_name" />
		<listButtons/>
		<rowButtons>
			<buttonReference button.idref="LISTROW_ATTACH_DEST"/>
		</rowButtons>
	</list>
	<list id="deficiency2listprocess"
         view.idref="deficiency2listprocess"
         filter.idref="deficiency2listprocess"
         idColumn.idref="obj_id"
         defaultOrderColumn.idref="name"
         allowMarkAsIssueRelevant="true"
         destDataType.idref="DEFICIENCY"
         destAttributeType.idref="process"
         frame="popup"
         listType="selection"
         relatedObjectType.idref="HIERARCHY"
         useCheckBoxes="false">
		<simpleFilterRow>
			<simpleFilter filterRow.idref="name"/>
            <simpleFilter filterRow.idref="description"/>
        </simpleFilterRow>
		<listHeaderRow>
			<listHeader column="LC_hierarchy_1" propertyKey="tableheader.name" width="40%"/>
			<listHeader column="LC_hierarchy_2" propertyKey="tableheader.description" width="60%"/>
		</listHeaderRow>
		<column id="LC_hierarchy_1" dataReference.idref="name" template="openObject"/>
		<column id="LC_hierarchy_2" dataReference.idref="description" />
		<listButtons/>
		<rowButtons>
			<buttonReference button.idref="LISTROW_ATTACH_DEST"/>
		</rowButtons>
	</list>
</custom>