<?xml version="1.0" encoding="UTF-8"?>
<custom xmlns:xsi="http://www.w3.org/2001/XMLSchema-instance" xsi:noNamespaceSchemaLocation="../xsd/custom.xsd">
<list id="policyreview2policyissues"
          view.idref="policyreview2policyissues"
          filter.idref="RelatedIssues"
          idColumn.idref="IssueID"
          defaultOrderColumn.idref="IssueID"
          destAttributeType.idref="issueRelevantObjects"
          destDataType.idref="ISSUE"
          frame="tabcontent"
          listType="assignment"
          relatedObjectType.idref="ISSUE">
        <simpleFilterRow>
            <simpleFilter filterRow.idref="IssueID"/>
            <simpleFilter filterRow.idref="remediationPlannedBefore"/>
        </simpleFilterRow>
        <simpleFilterRow>
            <simpleFilter filterRow.idref="name"/>
            <simpleFilter filterRow.idref="description"/>
        </simpleFilterRow>
        <extendedFilterRow>
            <extendedFilter filterRow.idref="creator_name"/>
        </extendedFilterRow>
        <extendedFilterRow>
            <extendedFilter filterRow.idref="owner_name"/>
            <extendedFilter filterRow.idref="reviewer_name"/>
        </extendedFilterRow>
        <extendedFilterRow>
            <extendedFilter filterRow.idref="owner_status"/>
            <extendedFilter filterRow.idref="reviewer_status"/>
        </extendedFilterRow>
        <extendedFilterRow>
            <extendedFilter filterRow.idref="remark"/>
            <extendedFilter filterRow.idref="remediationMeasure"/>
        </extendedFilterRow>
        <extendedFilterRow>
            <extendedFilter filterRow.idref="deactivated"/>
        </extendedFilterRow>
        <listHeaderRow>
            <listHeader column="LC_RelatedIssues_1" propertyKey="tableheader.issue.id.DBI" width="6%"/>
            <listHeader column="LC_RelatedIssues_2" propertyKey="tableheader.issue.name.DBI" width="12%"/>
            <listHeader column="LC_RelatedIssues_3" propertyKey="tableheader.issue.priority.DBI" width="4%"/>
            <listHeader column="LC_RelatedIssues_4" propertyKey="tableheader.issue.creator.DBI" width="12%"/>
            <listHeader column="LC_RelatedIssues_5" propertyKey="tableheader.issue.remedationPlannedBefore.short.DBI" tooltip="tableheader.issue.remedationPlannedBefore.DBI" width="8%"/>
            <listHeader column="LC_RelatedIssues_6" propertyKey="tableheader.issue.ownerStatus.short.DBI" tooltip="tableheader.issue.ownerStatus.DBI" width="5%"/>
            <listHeader column="LC_RelatedIssues_7" propertyKey="tableheader.issue.reviewerStatus.short.DBI" tooltip="tableheader.issue.reviewerStatus.DBI" width="5%"/>
            <listHeader column="LC_RelatedIssues_8" propertyKey="tableheader.issue.stateTime.short.DBI" tooltip="tableheader.issue.stateTime.DBI" width="6%"/>
            <listHeader column="LC_RelatedIssues_9" propertyKey="tableheader.description" width="23%"/>
            <listHeader column="LC_RelatedIssues_10" propertyKey="tableheader.issue.remediationMeasure.DBI" width="19%"/>
        </listHeaderRow>
        <column id="LC_RelatedIssues_1" dataReference.idref="IssueID" template="openObject">
            <parameter name="idColumn" value="IssueID"/>
        </column>
        <column id="LC_RelatedIssues_2" dataReference.idref="name" />
        <column id="LC_RelatedIssues_3" align="center" dataReference.idref="priority" >
            <parameter name="showText" value="false"/>
        </column>
        <column id="LC_RelatedIssues_4" dataReference.idref="creator_name" template="object">
            <parameter name="deactivatedColumn" value="creator_deactivated"/>
        </column>
        <column id="LC_RelatedIssues_5" align="center" dataReference.idref="plannedenddate" />
        <column id="LC_RelatedIssues_6" align="center" dataReference.idref="owner_status" >
            <parameter name="showText" value="false"/>
        </column>
        <column id="LC_RelatedIssues_7" align="center" dataReference.idref="reviewer_status" >
            <parameter name="showText" value="false"/>
        </column>
        <column id="LC_RelatedIssues_8" align="center" dataReference.idref="stateTime" >
            <parameter name="showText" value="false"/>
        </column>
        <column id="LC_RelatedIssues_9" dataReference.idref="description" />
        <column id="LC_RelatedIssues_10" dataReference.idref="remediationMeasure" />
        <listButtons>
            <buttonReference button.idref="PARENT_LIST_OPEN"/>
            <buttonReference button.idref="PDF_REPORT"/>
            <buttonReference button.idref="EXCEL_REPORT"/>
        </listButtons>
        <rowButtons>
            <buttonReference button.idref="RELATION_POPUP"/>
        </rowButtons>
    </list>
</custom>	