<?xml version="1.0" encoding="UTF-8"?>
<custom xmlns:xsi="http://www.w3.org/2001/XMLSchema-instance" xsi:noNamespaceSchemaLocation="../xsd/custom.xsd">
	<list id="risk"
          view.idref="risk"
          filter.idref="risk"
          idColumn.idref="obj_id"
          defaultOrderColumn.idref="name"
          allowMarkAsIssueRelevant="true"
          relatedObjectType.idref="RISK"
          propertyKey="list.risk.DBI"
          >
		<simpleFilterRow>
			<simpleFilter filterRow.idref="name"/>
			<simpleFilter filterRow.idref="bb_criticidadeInicial"/>
			<!-- <simpleFilter filterRow.idref="sign"/> -->
        </simpleFilterRow>
        <simpleFilterRow>
        	<simpleFilter filterRow.idref="model_name"/>
        	<simpleFilter filterRow.idref="orgunit_name"/>
        </simpleFilterRow>
        <listHeaderRow>
			<listHeader column="LC_1_1" propertyKey="tableheader.risk" width="30%"/>
<!-- 			<listHeader column="LC_1_0" propertyKey="tableheader.client" width="18%"/> -->
			<!-- <listHeader column="LC_1_3" propertyKey="tableheader.function" width="20%"/> -->
			<!-- <listHeader column="LC_1_4" propertyKey="tableheader.description" width="32%"/> -->
			<listHeader column="LC_1_5" propertyKey="tableheader.processo" width="30%"/>
			<listHeader column="LC_1_6" propertyKey="tableheader.unitorg" width="20%"/>
			<listHeader column="LC_1_7" propertyKey="tableheader.linhanegocio" width="20%"/>
			<listHeader column="LC_1_8" propertyKey="tableheader.criticidadeIni" width="20%"/>
			<listHeader column="LC_1_9" propertyKey="tableheader.datapromocao" width="20%"/>
		</listHeaderRow>
		<column id="LC_1_1" dataReference.idref="name" template="openObject">
			<parameter name="idColumn" value="obj_id"/>
		</column>
<!-- 		 <column id="LC_1_0" align="center" dataReference.idref="client_sign" /> -->
		<!--  <column id="LC_1_3" dataReference.idref="function_name" template="object">
			<parameter name="deactivatedColumn" value="deactivated"/>
		</column>-->
		<column id="LC_1_5" dataReference.idref="function_name" template="object"/>
		<column id="LC_1_6" dataReference.idref="orgunit_name" template="object"/>
		<column id="LC_1_7" dataReference.idref="bb_business_line_name" template="object"/>
		<column id="LC_1_8" dataReference.idref="bb_criticidadeInicial"/>
		<column id="LC_1_9" dataReference.idref="bb_datapromocao_1"/>
		<!-- <column id="LC_1_4" dataReference.idref="description" /> -->
		<listButtons>
			<!-- BdB has requested it 
			<buttonReference button.idref="LIST_CREATE"/>
			-->
			<buttonReference button.idref="LIST_OPEN"/>
			<buttonReference button.idref="LIST_DELETE"/>
			<!-- BdB has requested it 
			<buttonReference button.idref="FIELDSELECT"/>
			-->
            <buttonReference button.idref="LIST_EXPORT"/>
            <buttonReference button.idref="PDF_REPORT"/>
            <buttonReference button.idref="EXCEL_REPORT"/>
		</listButtons>
		<rowButtons>
			<buttonReference button.idref="RELATION_POPUP"/>
			<buttonReference button.idref="LISTROW_DELETE"/>
            <buttonReference button.idref="LISTROW_EXPORT"/>
        </rowButtons>
	</list>
	
	<list id="risk_riskmanager_sel"
          view.idref="risk_riskmanager_sel"
          filter.idref="risk_riskmanager_sel"
          idColumn.idref="usergroup_id"
          defaultOrderColumn.idref="usergroup_name"
          nameColumn.idref="usergroup_name"
          destAttributeType.idref="manager_group"
          destDataType.idref="RISK"
          frame="popup"
          listType="selection"
          relatedObjectType.idref="USERGROUP"
          useCheckBoxes="false">
		<simpleFilterRow>
			<simpleFilter filterRow.idref="usergroup_name"/>
			<simpleFilter filterRow.idref="usergroup_description"/>
		</simpleFilterRow>
		<simpleFilterRow>
			<simpleFilter filterRow.idref="orgunit_codigoUOR"/>
			<simpleFilter filterRow.idref="orgunit_name"/>
		</simpleFilterRow>
		<listHeaderRow>
			<listHeader column="LC_risk_riskmanager_sel_1" propertyKey="tableheader.name" width="35%"/>
			<listHeader column="LC_risk_riskmanager_sel_2" propertyKey="tableheader.description" width="15%"/>
			<listHeader column="LC_risk_riskmanager_sel_4" propertyKey="attribute.HIERARCHY.bb_codigoUOR.DBI" width="10%"/>
			<listHeader column="LC_risk_riskmanager_sel_5" propertyKey="attribute.USERGROUP.bb_orgunit.DBI" width="35%"/>
		</listHeaderRow>
		<column id="LC_risk_riskmanager_sel_1" dataReference.idref="usergroup_name" template="openObject"/>
		<column id="LC_risk_riskmanager_sel_2" dataReference.idref="description" />
		<column id="LC_risk_riskmanager_sel_4" dataReference.idref="orgunit_codigoUOR" />
		<column id="LC_risk_riskmanager_sel_5" dataReference.idref="orgunit_name" />
		<listButtons/>
		<rowButtons>
			<buttonReference button.idref="LISTROW_ATTACH_DEST"/>
		</rowButtons>
	</list>
	
	<list id="risk_riskowner_sel"
          view.idref="risk_riskowner_sel"
          filter.idref="risk_riskowner_sel"
          idColumn.idref="usergroup_id"
          defaultOrderColumn.idref="usergroup_name"
          nameColumn.idref="usergroup_name"
          destAttributeType.idref="owner_group"
          destDataType.idref="RISK"
          frame="popup"
          listType="selection"
          relatedObjectType.idref="USERGROUP"
          useCheckBoxes="false">
		<simpleFilterRow>
			<simpleFilter filterRow.idref="usergroup_name"/>
			<simpleFilter filterRow.idref="usergroup_description"/>
		</simpleFilterRow>
		<simpleFilterRow>
			<simpleFilter filterRow.idref="orgunit_codigoUOR"/>
			<simpleFilter filterRow.idref="orgunit_name"/>
		</simpleFilterRow>
		<listHeaderRow>
			<listHeader column="LC_risk_riskowner_sel_1" propertyKey="tableheader.name" width="35%"/>
			<listHeader column="LC_risk_riskowner_sel_2" propertyKey="tableheader.description" width="15%"/>
			<listHeader column="LC_risk_riskowner_sel_4" propertyKey="attribute.HIERARCHY.bb_codigoUOR.DBI" width="10%"/>
			<listHeader column="LC_risk_riskowner_sel_5" propertyKey="attribute.USERGROUP.bb_orgunit.DBI" width="35%"/>
		</listHeaderRow>
		<column id="LC_risk_riskowner_sel_1" dataReference.idref="usergroup_name" template="openObject"/>
		<column id="LC_risk_riskowner_sel_2" dataReference.idref="description" />
		<column id="LC_risk_riskowner_sel_4" dataReference.idref="orgunit_codigoUOR" />
		<column id="LC_risk_riskowner_sel_5" dataReference.idref="orgunit_name" />
		<listButtons/>
		<rowButtons>
			<buttonReference button.idref="LISTROW_ATTACH_DEST"/>
		</rowButtons>
	</list>
	
	<list id="risk_riskreviewer_sel"
          view.idref="risk_riskreviewer_sel"
          filter.idref="risk_riskreviewer_sel"
          idColumn.idref="usergroup_id"
          defaultOrderColumn.idref="usergroup_name"
          nameColumn.idref="usergroup_name"
          destAttributeType.idref="reviewer_group"
          destDataType.idref="RISK"
          frame="popup"
          listType="selection"
          relatedObjectType.idref="USERGROUP"
          useCheckBoxes="false">
		<simpleFilterRow>
			<simpleFilter filterRow.idref="usergroup_name"/>
			<simpleFilter filterRow.idref="usergroup_description"/>
		</simpleFilterRow>
		<simpleFilterRow>
			<simpleFilter filterRow.idref="orgunit_codigoUOR"/>
			<simpleFilter filterRow.idref="orgunit_name"/>
		</simpleFilterRow>
		<listHeaderRow>
			<listHeader column="LC_risk_riskreviewer_sel_1" propertyKey="tableheader.name" width="35%"/>
			<listHeader column="LC_risk_riskreviewer_sel_2" propertyKey="tableheader.description" width="15%"/>
			<listHeader column="LC_risk_riskreviewer_sel_4" propertyKey="attribute.HIERARCHY.bb_codigoUOR.DBI" width="10%"/>
			<listHeader column="LC_risk_riskreviewer_sel_5" propertyKey="attribute.USERGROUP.bb_orgunit.DBI" width="35%"/>
		</listHeaderRow>
		<column id="LC_risk_riskreviewer_sel_1" dataReference.idref="usergroup_name" template="openObject"/>
		<column id="LC_risk_riskreviewer_sel_2" dataReference.idref="description" />
		<column id="LC_risk_riskreviewer_sel_4" dataReference.idref="orgunit_codigoUOR" />
		<column id="LC_risk_riskreviewer_sel_5" dataReference.idref="orgunit_name" />
		<listButtons/>
		<rowButtons>
			<buttonReference button.idref="LISTROW_ATTACH_DEST"/>
		</rowButtons>
	</list>
	
	<list id="statisticRiskAssessmentsRisks"
          view.idref="statisticRiskAssessmentsRisks"
          filter.idref="none"
          idColumn.idref="obj_id"
          defaultOrderColumn.idref="name"
          relatedObjectType.idref="RISK"
          propertyKey="list.statisticRiskAssessmentsRisks.DBI"
            >
        <listHeaderRow>
            <listHeader column="LC_SRAR_1" propertyKey="tableheader.risk" width="15%"/>
			<listHeader column="LC_SRAR_2" propertyKey="tableheader.process" width="15%"/>
			<listHeader column="LC_SRAR_3" propertyKey="tableheader.function" width="15%"/>
            <listHeader column="LC_SRAR_4" propertyKey="tableheader.description" width="55%"/>
        </listHeaderRow>
        <column id="LC_SRAR_1" dataReference.idref="name" template="openObject">
			<parameter name="idColumn" value="obj_id"/>
		</column>
		<column id="LC_SRAR_2" dataReference.idref="model_name" />
		<column id="LC_SRAR_3" dataReference.idref="function_name" template="object">
			<parameter name="deactivatedColumn" value="function_deactivated"/>
		</column>
        <column id="LC_SRAR_4" dataReference.idref="description" />
        <listButtons>
            <buttonReference button.idref="LIST_OPEN"/>
            <buttonReference button.idref="LIST_DELETE"/>
            <!-- BdB has requested it 
            <buttonReference button.idref="FIELDSELECT"/>
            -->
            <buttonReference button.idref="PDF_REPORT"/>
            <buttonReference button.idref="EXCEL_REPORT"/>
        </listButtons>
        <rowButtons>
            <buttonReference button.idref="RELATION_POPUP"/>
            <buttonReference button.idref="LISTROW_DELETE"/>
        </rowButtons>
    </list>
    
    <list id="statisticRiskAssessmentsRisksByImpactType"
          view.idref="statisticRiskAssessmentsRisksByImpactType"
          filter.idref="none"
          idColumn.idref="obj_id"
          defaultOrderColumn.idref="name"
          relatedObjectType.idref="RISK"
          propertyKey="list.statisticRiskAssessmentsRisks.DBI"
            >
        <listHeaderRow>
            <listHeader column="LC_SRAR_1" propertyKey="tableheader.risk" width="15%"/>
            <listHeader column="LC_SRAR_2" propertyKey="tableheader.process" width="15%"/>
            <listHeader column="LC_SRAR_3" propertyKey="tableheader.function" width="15%"/>
            <listHeader column="LC_SRAR_4" propertyKey="tableheader.description" width="55%"/>
        </listHeaderRow>
        <column id="LC_SRAR_1" dataReference.idref="name" template="openObject">
            <parameter name="idColumn" value="obj_id"/>
        </column>
        <column id="LC_SRAR_2" dataReference.idref="model_name" />
        <column id="LC_SRAR_3" dataReference.idref="function_name" template="object">
            <parameter name="deactivatedColumn" value="function_deactivated"/>
        </column>
        <column id="LC_SRAR_4" dataReference.idref="description" />
        <listButtons>
            <buttonReference button.idref="LIST_OPEN"/>
            <buttonReference button.idref="LIST_DELETE"/>
            <!-- BdB has requested it 
            <buttonReference button.idref="FIELDSELECT"/>
            -->
            <buttonReference button.idref="PDF_REPORT"/>
            <buttonReference button.idref="EXCEL_REPORT"/>
        </listButtons>
        <rowButtons>
            <buttonReference button.idref="RELATION_POPUP"/>
            <buttonReference button.idref="LISTROW_DELETE"/>
        </rowButtons>
    </list>
    
    <list id="riskassessment_owner"
          view.idref="risk_assessment_owner"
          filter.idref="assessment_owner"
          idColumn.idref="obj_id"
          nameColumn.idref="obj_id"
          defaultOrderColumn.idref="obj_id"
          allowMarkAsIssueRelevant="true"
          relatedObjectType.idref="RISKASSESSMENT"
          rightsPath.datakind="transactiondata"
          propertyKey="list.riskassessment_owner.DBI">
		<roleRestriction role="riskowner"/>
         <simpleFilterRow>
	        <simpleFilter filterRow.idref="obj_id"/>
	        <simpleFilter filterRow.idref="risk_name"/>            
	    </simpleFilterRow>
	    <simpleFilterRow>            
            <simpleFilter filterRow.idref="owner_status"/>
            <simpleFilter filterRow.idref="assessment_period"/>
        </simpleFilterRow>
        
        <listHeaderRow>
			<listHeader column="LC_riskassessment_owner_1" propertyKey="tableheader.avaliacao.risco.id" rowSpan="2" width="8%"/>
	        <!--  <listHeader column="LC_riskassessment_owner_2" propertyKey="tableheader.client" rowSpan="2" width="8%"/> -->
	        <listHeader column="LC_riskassessment_owner_11" propertyKey="tableheader.name.soa.relevance" rowSpan="2" width="16%"/>	        
            <listHeader column="LC_riskassessment_owner_10" propertyKey="tableheader.function" rowSpan="2" width="16%"/>
            <listHeader colSpan="2" propertyKey="tableheader.risk.assessment.periode.DBI" width="16%"/>
	        <listHeader column="LC_riskassessment_owner_3" propertyKey="tableheader.risk.assessment.owner.group.DBI" rowSpan="2" width="16%"/>
	        <listHeader column="LC_riskassessment_owner_4" propertyKey="tableheader.risk.assessment.assessor.DBI" rowSpan="2" width="16%"/>
	        <listHeader column="LC_riskassessment_owner_5" forceInline="false" propertyKey="tableheader.risk.assessment.date.DBI" rowSpan="2" width="10%"/>	        
	        <listHeader column="LC_riskassessment_owner_8" propertyKey="tableheader.risk.assessment.state.DBI" rowSpan="2" width="6%"/>        
		</listHeaderRow>
		<listHeaderRow>
			<listHeader column="LC_riskassessment_owner_6" propertyKey="tableheader.risk.assessment.startdate.DBI" width="8%"/>
	        <listHeader column="LC_riskassessment_owner_7" propertyKey="tableheader.risk.assessment.enddate.DBI" width="8%"/>
		</listHeaderRow>
		<column id="LC_riskassessment_owner_1" dataReference.idref="obj_id" template="openObject">
			<parameter name="idColumn" value="obj_id"/>
		</column>
		<!-- <column id="LC_riskassessment_owner_2" align="center" dataReference.idref="client_sign" /> -->
		<column id="LC_riskassessment_owner_11" dataReference.idref="risk_name" template="object"/>
		<column id="LC_riskassessment_owner_10" dataReference.idref="function_name" template="object"/>		
		<column id="LC_riskassessment_owner_6" align="center" dataReference.idref="plannedstartdate" />
		<column id="LC_riskassessment_owner_7" align="center" dataReference.idref="plannedenddate" />		
		<column id="LC_riskassessment_owner_3" dataReference.idref="groupname" template="object">
			<parameter name="deactivatedColumn" value="group_deactivated"/>
		</column>
		<column id="LC_riskassessment_owner_4" dataReference.idref="performedby_name" template="userSubstitute">
			<parameter name="substitute" value="substitute_name"/>
			<parameter name="deactivatedProperty" value="performedby_deactivated"/>
		    <parameter name="substituteDeactivatedProperty" value="substitute_deactivated"/>
		</column>
		<column id="LC_riskassessment_owner_5" align="center" dataReference.idref="execution_date" />
		<column id="LC_riskassessment_owner_8" align="center" dataReference.idref="owner_status" >
			<parameter name="showText" value="false"/>
			<parameter name="showImage" value="true"/>
		</column>		
		
		<listButtons>
			<buttonReference button.idref="LIST_OPEN"/>
			<buttonReference button.idref="LIST_DELETE"/>
			<buttonReference button.idref="LIST_CHECKOUT"/>
            <buttonReference button.idref="PDF_REPORT"/>
            <buttonReference button.idref="EXCEL_REPORT"/>
		</listButtons>
		<rowButtons>
			<buttonReference button.idref="RELATION_POPUP"/>
			<buttonReference button.idref="LISTROW_DELETE"/>
			<buttonReference button.idref="LISTROW_CHECKOUT"/>
		</rowButtons>
	</list>
	
	<list id="riskassessment_reviewer"
          view.idref="risk_assessment_reviewer"
          filter.idref="assessment_reviewer"
          idColumn.idref="obj_id"
          nameColumn.idref="obj_id"
          defaultOrderColumn.idref="plannedstartdate"
          allowMarkAsIssueRelevant="true"
          relatedObjectType.idref="RISKASSESSMENT"
          rightsPath.datakind="transactiondata"
          propertyKey="list.riskassessment_reviewer.DBI"
            >
	    <roleRestriction role="riskreviewer"/>
        <simpleFilterRow>
            <!-- <simpleFilter filterRow.idref="clientSign"/> -->
            <!-- <simpleFilter filterRow.idref="risk_name"/> -->
            <simpleFilter filterRow.idref="obj_id"/>
            <simpleFilter filterRow.idref="risk_name"/>
	    </simpleFilterRow>
	    <simpleFilterRow>
            <!-- <simpleFilter filterRow.idref="owner_status"/> -->
            <simpleFilter filterRow.idref="review_state"/>
            <simpleFilter filterRow.idref="assessment_period"/>
        </simpleFilterRow>
        <listHeaderRow>
            <listHeader column="LC_riskassessment_reviewer_1" propertyKey="tableheader.revisao.risco.id" rowSpan="2" width="6%"/>
            <listHeader column="LC_riskassessment_reviewer_12" propertyKey="tableheader.name.soa.relevance" rowSpan="2" width="14%"/>
            <listHeader column="LC_riskassessment_reviewer_11" propertyKey="tableheader.function" rowSpan="2" width="14%"/>
                <listHeader colSpan="2" propertyKey="tableheader.risk.reviewer.periode.DBI" width="14%"/>
            <!-- <listHeader column="LC_riskassessment_reviewer_2" propertyKey="tableheader.client" rowSpan="2" width="6%"/> -->
            <listHeader column="LC_riskassessment_reviewer_3" propertyKey="tableheader.risk.assessment.owner.group.DBI" rowSpan="2" width="14%"/>
            <listHeader column="LC_riskassessment_reviewer_4" propertyKey="tableheader.performed.by" rowSpan="2" width="12%"/>
            <!-- <listHeader column="LC_riskassessment_reviewer_5" forceInline="false" propertyKey="tableheader.risk.reviewer.date.DBI" rowSpan="2" width="8%"/> -->
            <listHeader column="LC_riskassessment_reviewer_8" propertyKey="tableheader.risk.reviewer.state.DBI" rowSpan="2" width="6%"/>
            <listHeader column="LC_riskassessment_reviewer_9" forceInline="false" propertyKey="tableheader.risk.reviewer.review.state.DBI" rowSpan="2" width="6%"/>
		</listHeaderRow>
        <listHeaderRow>
            <listHeader column="LC_riskassessment_reviewer_6" propertyKey="tableheader.risk.reviewer.startdate.DBI" width="7%"/>
            <listHeader column="LC_riskassessment_reviewer_7" propertyKey="tableheader.risk.reviewer.enddate.DBI" width="7%"/>
        </listHeaderRow>

        <column id="LC_riskassessment_reviewer_1" dataReference.idref="obj_id" template="openObject">
			<parameter name="idColumn" value="obj_id"/>
		</column>
		<column id="LC_riskassessment_reviewer_12" dataReference.idref="risk_name" template="object"/>
		<column id="LC_riskassessment_reviewer_11" dataReference.idref="function_name" template="object"/>
		<column id="LC_riskassessment_reviewer_6" align="center" dataReference.idref="plannedstartdate" />
        <column id="LC_riskassessment_reviewer_7" align="center" dataReference.idref="plannedenddate" />
        <!-- <column id="LC_riskassessment_reviewer_2" align="center" dataReference.idref="client_sign" /> -->
        <column id="LC_riskassessment_reviewer_3" dataReference.idref="groupname" template="object">
	        <parameter name="deactivatedColumn" value="group_deactivated"/>
        </column>
        <column id="LC_riskassessment_reviewer_4" dataReference.idref="performedby_name" template="userSubstitute">
            <parameter name="substitute" value="substitute_name"/>
	        <parameter name="deactivatedProperty" value="performedby_deactivated"/>
		    <parameter name="substituteDeactivatedProperty" value="substitute_deactivated"/>
		</column>
        <!-- <column id="LC_riskassessment_reviewer_5" align="center" dataReference.idref="execution_date" /> -->
        <column id="LC_riskassessment_reviewer_8" align="center" dataReference.idref="owner_status" >
            <parameter name="showText" value="false"/>
            <parameter name="showImage" value="true"/>
        </column>
        <column id="LC_riskassessment_reviewer_9" align="center" dataReference.idref="review_state" >
	        <parameter name="showText" value="false"/>
            <parameter name="showImage" value="true"/>
        </column>
        <listButtons>
			<buttonReference button.idref="LIST_OPEN"/>
			<buttonReference button.idref="LIST_DELETE"/>
			<buttonReference button.idref="LIST_CHECKOUT"/>
            <buttonReference button.idref="PDF_REPORT"/>
            <buttonReference button.idref="EXCEL_REPORT"/>
        </listButtons>
        <rowButtons>
            <buttonReference button.idref="RELATION_POPUP"/>
            <buttonReference button.idref="LISTROW_DELETE"/>
            <buttonReference button.idref="LISTROW_CHECKOUT"/>
        </rowButtons>
    </list>
    
    <list id="riskassessment"
          view.idref="risk_assessment"
          filter.idref="assessment"
          idColumn.idref="obj_id"
          nameColumn.idref="obj_id"
          defaultOrderColumn.idref="obj_id"
          allowMarkAsIssueRelevant="true"
          relatedObjectType.idref="RISKASSESSMENT"
          rightsPath.datakind="transactiondata"
          propertyKey="list.riskassessment.DBI">
        <simpleFilterRow>
            <!-- <simpleFilter filterRow.idref="clientSign"/> -->
            <simpleFilter filterRow.idref="obj_id"/>
	        <simpleFilter filterRow.idref="assessment_period"/>
        </simpleFilterRow>
	    <simpleFilterRow>
	        <simpleFilter filterRow.idref="risk_name"/>	    
            <simpleFilter filterRow.idref="owner_status"/>		    
	    </simpleFilterRow>
	    <simpleFilterRow>
	        <simpleFilter filterRow.idref="function_name"/>	    
            <simpleFilter filterRow.idref="review_state"/>		    
	    </simpleFilterRow>
	    
        <listHeaderRow>
            <listHeader column="LC_riskassessment_1" propertyKey="tableheader.id" rowSpan="2" width="10%"/>
	        <!--  <listHeader column="LC_riskassessment_1a" propertyKey="tableheader.client" rowSpan="2" width="8%"/> -->
            <listHeader column="LC_riskassessment_11" propertyKey="tableheader.name.soa.relevance" rowSpan="2" width="8%"/>
            <listHeader column="LC_riskassessment_10" propertyKey="tableheader.function" rowSpan="2" width="8%"/>
            <listHeader colSpan="2" propertyKey="tableheader.risk.assessment.periode.DBI" width="18%"/>	        
            <listHeader column="LC_riskassessment_2" propertyKey="tableheader.risk.assessment.owner.group.DBI" rowSpan="2" width="12%"/>
            <listHeader column="LC_riskassessment_3" propertyKey="tableheader.risk.assessment.assessor.DBI" rowSpan="2" width="12%"/>
            <!-- <listHeader column="LC_riskassessment_4" forceInline="false" propertyKey="tableheader.risk.assessment.date.DBI" rowSpan="2" width="8%"/> -->
	        <listHeader column="LC_riskassessment_7" propertyKey="tableheader.risk.assessment.state.DBI" rowSpan="2" width="8%"/>
	        <listHeader column="LC_riskassessment_8" forceInline="false" propertyKey="tableheader.risk.assessment.review.state.DBI" rowSpan="2" width="8%"/>
            <listHeader column="LC_riskassessment_12" propertyKey="tableheader.risk.assessment.bb_criticidadeFinal.DBI" rowSpan="2" width="16%"/>
            
        </listHeaderRow>
	    <listHeaderRow>
		    <listHeader column="LC_riskassessment_5" propertyKey="tableheader.risk.assessment.startdate.DBI" width="9%"/>
		    <listHeader column="LC_riskassessment_6" propertyKey="tableheader.risk.assessment.enddate.DBI" width="9%"/>
	    </listHeaderRow>

        <column id="LC_riskassessment_1" dataReference.idref="obj_id" template="openObject">
			<parameter name="idColumn" value="obj_id"/>
		</column>
	    <!-- <column id="LC_riskassessment_1a" align="center" dataReference.idref="client_sign" /> -->
	    <column id="LC_riskassessment_11" dataReference.idref="risk_name" template="object"/>
        <column id="LC_riskassessment_10" dataReference.idref="function_name" template="object"/>	 
        <column id="LC_riskassessment_5" align="center" dataReference.idref="plannedstartdate" />
        <column id="LC_riskassessment_6" align="center" dataReference.idref="plannedenddate"/>                  
        <column id="LC_riskassessment_2" dataReference.idref="groupname" template="object">
	        <parameter name="deactivatedColumn" value="group_deactivated"/>
        </column>
        <column id="LC_riskassessment_3" dataReference.idref="performedby_name" template="userSubstitute">
	        <parameter name="substitute" value="substitute_name"/>
	        <parameter name="deactivatedProperty" value="performedby_deactivated"/>
		    <parameter name="substituteDeactivatedProperty" value="substitute_deactivated"/>
        </column>
        <column id="LC_riskassessment_7" align="center" dataReference.idref="owner_status" >
	        <parameter name="showText" value="false"/>
	        <parameter name="showImage" value="true"/>
        </column>
	    <column id="LC_riskassessment_8" align="center" dataReference.idref="review_state" >
		    <parameter name="showText" value="false"/>
	        <parameter name="showImage" value="true"/>
	    </column>
	    <column id="LC_riskassessment_12" align="center" dataReference.idref="bb_criticidadeFinal" />        
        <!-- <column id="LC_riskassessment_4" align="center" dataReference.idref="execution_date" /> -->

        <listButtons>
	        <buttonReference button.idref="LIST_OPEN"/>
            <buttonReference button.idref="LIST_DELETE"/>
            <buttonReference button.idref="LIST_CHECKOUT"/>
            <buttonReference button.idref="PDF_REPORT"/>
            <buttonReference button.idref="EXCEL_REPORT"/>
        </listButtons>
        <rowButtons>
	        <buttonReference button.idref="RELATION_POPUP"/>
	        <buttonReference button.idref="LISTROW_DELETE"/>
	        <buttonReference button.idref="LISTROW_CHECKOUT"/>
        </rowButtons>
    </list>
        
</custom>