<?xml version="1.0" encoding="UTF-8"?>
<custom xmlns:xsi="http://www.w3.org/2001/XMLSchema-instance" xsi:noNamespaceSchemaLocation="../xsd/custom.xsd">
    <segregationsOfDuties>
        <segregationOfDuties objectType="riskassessment">
	        <userBased>
	            <segregationsOfDuties.rule currentUserRole.idref="riskowner" notAllowedInAttributes="reviewer,reviewer_substitute"/>
	            <segregationsOfDuties.rule currentUserRole.idref="riskreviewer" notAllowedInAttributes="owner,owner_substitute"/>
	        </userBased>
	    </segregationOfDuties>
    </segregationsOfDuties>
    
</custom>
