<?xml version="1.0" encoding="UTF-8"?>
<custom xmlns:xsi="http://www.w3.org/2001/XMLSchema-instance" xsi:noNamespaceSchemaLocation="../xsd/custom.xsd">

	<blClassMapping>
		<mappingType name="Command">
	
	        <!-- generate commands -->
        	<mapping name="riskassessmentGenerate"	                clsName="com.idsscheer.webapps.arcm.bl.component.riskmanagement.commands.job.generator.RiskassessmentGenerateCommandBB"/>
    		<mapping name="riskAssessmentReset"                     clsName="com.idsscheer.webapps.arcm.bl.component.riskmanagement.commands.RiskAssessmentResetCommandBB"/>
    		<mapping name="riskAssessmentImpactTypeReset"           clsName="com.idsscheer.webapps.arcm.bl.component.riskmanagement.commands.RiskAssessmentImpactTypeResetCommandBB"/>
    		<mapping name="riskAssessmentSendMailBB"				clsName="com.idsscheer.webapps.arcm.bl.component.riskmanagement.commands.RiskAssessmentSendMailCommandBB"/>
	
    	</mappingType>
   	</blClassMapping>
</custom>