<?xml version="1.0" encoding="UTF-8"?>
<custom xmlns:xsi="http://www.w3.org/2001/XMLSchema-instance" xsi:noNamespaceSchemaLocation="../xsd/custom.xsd">
	<roles>
	    <role id="riskmanager" level="XCO" licensedComponentIds="rm tm il in" userLicenses="operate">
			<system component.idref="view.risk"/>
			<system component.idref="view.control"/>
			<system component.idref="view.testdef"/>
			<system component.idref="view.administration"/>
			<system component.idref="view.statistic"/>
			<system component.idref="view.complete.statistic"/>
			<system component.idref="view.riskassessments" />
			<system component.idref="generate.riskassessment" />
			<system component.idref="check.riskassessment" />
			<system component.idref="view.monitoring"/>
			<system component.idref="view.object.in.process"/>
			<system component.idref="view.incidents" />
			<system component.idref="view.losses" />
			<system component.idref="view.mashzone.url.builder"/>
			<object right.idref="r----" objectType.id="HIERARCHY"/>
			<object right.idref="r----" objectType.id="USERGROUP"/>
			<object right.idref="rwcdu" objectType.id="RISK">
	            <action actionRight.idref="export.objects"/>
	            <!-- RMs are not able to change any information about relationship between controls
	            	 and risks for BdB customizing.
				<relation right.idref="ar" listAttrType.id="controls"/>
				 -->
				<relation right.idref="ar" listAttrType.id="finaccount"/>
				<relation right.idref="ar" listAttrType.id="process"/>
				<relation right.idref="ar" listAttrType.id="manager_group"/>
				<relation right.idref="ar" listAttrType.id="documents"/>
				<relation right.idref="ar" listAttrType.id="owner_group"/>
				<relation right.idref="ar" listAttrType.id="reviewer_group"/>
				<relation right.idref="ar" listAttrType.id="risk_category"/>
				<!-- RMs are not able to change any information about relationship between appsystems,
	            	 orgunits and risks for BdB customizing.
				<relation right.idref="ar" listAttrType.id="orgunit"/>
				<relation right.idref="ar" listAttrType.id="appsystem"/>
				 -->
				 <!-- BdB CUSTOMIZATION -->
				 <relation right.idref="ar" listAttrType.id="orgunit"/>
				 
				<relation right.idref="ar" listAttrType.id="bb_business_line"/>
				<relation right.idref="ar" listAttrType.id="bb_icr"/>
				<relation right.idref="ar" listAttrType.id="bb_riskfactor"/>
			</object>
			<object right.idref="rwcdu" objectType.id="RISKASSESSMENT">
				<action actionRight.idref="extend"/>
				<relation right.idref="ar" listAttrType.id="documents"/>
	            <relation right.idref="ar" listAttrType.id="owner_group"/>
				<relation right.idref="ar" listAttrType.id="owner"/>
				<relation right.idref="ar" listAttrType.id="owner_substitute"/>
	            <relation right.idref="ar" listAttrType.id="reviewer_group"/>
	            <relation right.idref="ar" listAttrType.id="risk"/>
			</object>
			<object right.idref="r----" objectType.id="IMPACTTYPE" />
	        <object right.idref="rwcdu" objectType.id="RA_IMPACTTYPE" >
	            <relation right.idref="ar" listAttrType.id="lossQual"/>
	            <relation right.idref="ar" listAttrType.id="frequLossQual"/>
	            <relation right.idref="ar" listAttrType.id="redLossQual"/>
	            <relation right.idref="ar" listAttrType.id="redFrequLossQual"/>
	        </object>
			<object right.idref="r----" objectType.id="CONTROL" />
			<object right.idref="r----" objectType.id="TESTDEFINITION" />
			<object right.idref="r----" objectType.id="TESTCASE">
	            <action actionRight.idref="reset"/>
	        </object>
	        <object right.idref="r----" objectType.id="RECOMMENDATION"/>
			<object right.idref="rwc--" objectType.id="DOCUMENT"/>
	        <object right.idref="r----" objectType.id="JOBINFORMATION"/>
			<object right.idref="r--d-" objectType.id="OFFLINEPROCESSINGENTRY"/>
		    <object right.idref="r----" objectType.id="INCIDENT"/>
			<object right.idref="r----" objectType.id="LOSS"/>
	        <object right.idref="r----" objectType.id="POLICY"/>
	        <object right.idref="r----" objectType.id="SURVEY"/>
	        <object right.idref="r----" objectType.id="QUESTIONNAIRE"/>
	    </role>
	
		<role id="riskowner" level="O" licensedComponentIds="rm" userLicenses="operate">
			<system component.idref="view.risk"/>
			<system component.idref="view.statistic"/>
			<system component.idref="view.open.riskassessments" />
			<system component.idref="view.incidents" />
			<system component.idref="view.losses" />
			<system component.idref="view.mashzone.url.builder"/>
			<object right.idref="r----" objectType.id="HIERARCHY"/>
			<object right.idref="r----" objectType.id="USERGROUP"/>
			<object right.idref="r----" objectType.id="RISK" />
			<object right.idref="r----" objectType.id="CONTROL" />
			<object right.idref="r----" objectType.id="TESTDEFINITION" />
			<object right.idref="r----" objectType.id="TESTCASE" />
			<object right.idref="rwc--" objectType.id="RISKASSESSMENT">
				<action actionRight.idref="transfer.values"/>
				<relation right.idref="ar" listAttrType.id="documents"/>
	            <relation right.idref="ar" listAttrType.id="owner_group"/>
				<relation right.idref="ar" listAttrType.id="owner"/>
				<relation right.idref="ar" listAttrType.id="owner_substitute"/>
	            <relation right.idref="ar" listAttrType.id="reviewer_group"/>
	            <relation right.idref="ar" listAttrType.id="risk"/>
			</object>
	        <object right.idref="r----" objectType.id="IMPACTTYPE" />
	        <object right.idref="rwc--" objectType.id="RA_IMPACTTYPE" >
	            <relation right.idref="ar" listAttrType.id="lossQual"/>
	            <relation right.idref="ar" listAttrType.id="frequLossQual"/>
	            <relation right.idref="ar" listAttrType.id="redLossQual"/>
	            <relation right.idref="ar" listAttrType.id="redFrequLossQual"/>
	        </object>
			<object right.idref="rwc--" objectType.id="DOCUMENT"/>
			<object right.idref="r--d-" objectType.id="OFFLINEPROCESSINGENTRY"/>
			<object right.idref="r----" objectType.id="INCIDENT"/>
			<object right.idref="r----" objectType.id="LOSS"/>
			<object right.idref="r----" objectType.id="POLICY"/>
	        <object right.idref="r----" objectType.id="SURVEY"/>
	        <object right.idref="r----" objectType.id="QUESTIONNAIRE"/>
	        <object right.idref="r----" objectType.id="QUOTATION" />
	        <object right.idref="r----" objectType.id="FREQUENCY" />
	    </role>
	
		<role id="riskreviewer" level="O" licensedComponentIds="rm" userLicenses="operate">
			<system component.idref="view.risk"/>
			<system component.idref="view.statistic"/>
			<system component.idref="view.review.riskassessments" />
			<system component.idref="view.incidents" />
			<system component.idref="view.losses" />
			<system component.idref="view.mashzone.url.builder"/>
			<object right.idref="r----" objectType.id="HIERARCHY"/>
			<object right.idref="r----" objectType.id="USERGROUP"/>
			<object right.idref="r----" objectType.id="RISK" />
	        <object right.idref="r----" objectType.id="CONTROL" />
	        <object right.idref="r----" objectType.id="TESTDEFINITION" />
	        <object right.idref="r----" objectType.id="TESTCASE" />
			<object right.idref="rw---" objectType.id="RISKASSESSMENT">
				<action actionRight.idref="extend"/>
				<relation right.idref="ar" listAttrType.id="documents"/>
	        </object>
	        <object right.idref="r----" objectType.id="IMPACTTYPE" />
        	<object right.idref="rw---" objectType.id="RA_IMPACTTYPE" />
			<object right.idref="rwc--" objectType.id="DOCUMENT"/>
			<object right.idref="r--d-" objectType.id="OFFLINEPROCESSINGENTRY"/>
			<object right.idref="r----" objectType.id="INCIDENT"/>
			<object right.idref="r----" objectType.id="LOSS"/>
	        <object right.idref="r----" objectType.id="POLICY"/>
	        <object right.idref="r----" objectType.id="SURVEY"/>
	        <object right.idref="r----" objectType.id="QUESTIONNAIRE"/>
	    </role>
	
		<role id="riskauditor" level="XC" licensedComponentIds="rm" userLicenses="operate">
			<system component.idref="view.risk"/>
			<system component.idref="view.statistic"/>
			<system component.idref="view.riskassessments" />
			<system component.idref="view.administration" />
			<system component.idref="view.mashzone.url.builder"/>
			<object right.idref="r----" objectType.id="HIERARCHY"/>
			<object right.idref="r----" objectType.id="CLIENT" />
			<object right.idref="r----" objectType.id="USERGROUP"/>
			<object right.idref="r----" objectType.id="RISK" />
			<object right.idref="r----" objectType.id="RISKASSESSMENT" />
			<object right.idref="r----" objectType.id="RA_IMPACTTYPE" />
			<object right.idref="rwc--" objectType.id="DOCUMENT"/>
			<object right.idref="r----" objectType.id="CONTROL" />
		</role>
	</roles>
	
</custom>	
