<?xml version="1.0" encoding="UTF-8"?>
<custom xmlns:xsi="http://www.w3.org/2001/XMLSchema-instance" xsi:noNamespaceSchemaLocation="../xsd/custom.xsd">
    <task id="questionnaireowner" objectType.idref="QUESTIONNAIRE" role.idref="questionnaireowner">
        <responsibility>
            <assignedUsergroup objectAttribute.idref="owner_group"/>
        </responsibility>
        <taskState>
            <open workflowState.idrefs="openForExecution"/>
            <completed workflowState.idrefs="openForReview"/>
            <notCompleted workflowState.idrefs="closedByJob"/>
        </taskState>
        <monitorStrategy>
            <monitorLevel type="percentage" value="75"/>
            <monitorLevel type="percentage" value="90"/>
            <monitorLevel type="percentage" value="95"/>
            <monitorLevel type="percentage" value="100">
                <monitorChange objectAttribute.idref="owner_status" value="notcompleted"/>
            </monitorLevel>
        </monitorStrategy>
    </task>

</custom>
