<?xml version="1.0" encoding="UTF-8"?>
<custom xmlns:xsi="http://www.w3.org/2001/XMLSchema-instance" xsi:noNamespaceSchemaLocation="../xsd/custom.xsd">
	<actionCommands>
		<objectTypeCommands>
			<commandSet name="control" >
				<actionCommand commandId="cache" 			clsName="com.idsscheer.webapps.arcm.ui.components.testmanagement.actioncommands.ControlCacheActionCommandBB"/>
			</commandSet>
			<commandSet name="testdefinition" >
				<actionCommand commandId="cache" 			clsName="com.idsscheer.webapps.arcm.ui.components.testmanagement.actioncommands.TestdefinitionCacheActionCommandBB"/>
			</commandSet>
			<!-- BEGIN : Issue #102533 : TC.GC.238 - Explorer/Gestão de Teste/Revisor de avaliação de teste Dicoi - Criar apontamento -->
			<commandSet name="testcase">
				<actionCommand commandId="save" 			clsName="com.idsscheer.webapps.arcm.ui.components.testmanagement.actioncommands.TestcaseSaveActionCommandBB"/>
				<actionCommand commandId="saveAndNext" 		clsName="com.idsscheer.webapps.arcm.ui.components.testmanagement.actioncommands.TestcaseSaveActionCommandBB"/> 
			</commandSet>
			<!-- END -->
		</objectTypeCommands>
		
		
		<listCommands>				
			<commandSet name="control2testdefinition">
				<actionCommand commandId="attachNew" clsName="com.idsscheer.webapps.arcm.ui.components.testmanagement.actioncommands.list.Control2TestdefinitionNewAttachmentActionCommandBB"/>
			</commandSet>
		</listCommands>
	</actionCommands>
</custom>