<?xml version="1.0" encoding="UTF-8"?>
<custom xmlns:xsi="http://www.w3.org/2001/XMLSchema-instance" xsi:noNamespaceSchemaLocation="../xsd/custom.xsd">
	<roles>
		<role id="controlmanager" level="XCO" licensedComponentIds="tm"  userLicenses="operate">
			<system component.idref="view.control"/>
			<system component.idref="view.testdef"/>
			<system component.idref="view.statistic"/>
			<system component.idref="view.complete.statistic"/>
			<system component.idref="view.mashzone.url.builder"/>
			<system component.idref="view.controlchecker"/>
			<object right.idref="r----" objectType.id="HIERARCHY"/>
			<object right.idref="r----" objectType.id="USERGROUP"/>
			<object right.idref="r----" objectType.id="RISK"/>
			<object right.idref="rwcdu" objectType.id="CONTROL">
				<relation right.idref="ar" listAttrType.id="manager_group"/>
				<relation right.idref="ar" listAttrType.id="testdefinitions"/>
				<relation right.idref="ar" listAttrType.id="bb_appSystems"/>
				<relation right.idref="ar" listAttrType.id="bb_riskfactor"/>
			</object>
			<object right.idref="rwcdu" objectType.id="TESTDEFINITION">
				<relation right.idref="ar" listAttrType.id="reviewer_group"/>
				<relation right.idref="ar" listAttrType.id="orgunit"/>
				<relation right.idref="ar" listAttrType.id="owner_group"/>
			</object>
			<object right.idref="r----" objectType.id="TESTCASE"/>
			<object right.idref="r----" objectType.id="RECOMMENDATION"/>
			<object right.idref="rwc--" objectType.id="DOCUMENT"/>
        	<object right.idref="r----" objectType.id="INCIDENT"/>
        	<object right.idref="r----" objectType.id="SURVEY"/>
        	<object right.idref="r----" objectType.id="QUESTIONNAIRE"/>
        	<object right.idref="r----" objectType.id="DASHBOARDCONNECTION"/>
        	<object right.idref="r----" objectType.id="JOBINFORMATION"/>
	    </role>
	    
	    <role id="testmanager" level="XCO" licensedComponentIds="tm" userLicenses="operate">
			<system component.idref="view.risk"/>
			<system component.idref="view.control"/>
			<system component.idref="view.testdef"/>
			<system component.idref="view.testdef_BB"/>
			<system component.idref="view.monitoring"/>
			<system component.idref="view.administration"/>
			<system component.idref="view.object.in.process"/>
			<system component.idref="generate.testcase"/>
			<system component.idref="view.created.testcases"/>
			<system component.idref="update.testcase"/>
			<system component.idref="check.testcase"/>
			<system component.idref="view.complete.statistic"/>
			<system component.idref="view.mashzone.url.builder"/>
        	<system component.idref="view.home.dashboards"/>
	        <object right.idref="r----" objectType.id="USERGROUP"/>
	        <object right.idref="rwc-u" objectType.id="HIERARCHY">
				<relation right.idref="ar" listAttrType.id="tester"/>
				<relation right.idref="ar" listAttrType.id="children"/>
			</object>
	        <object right.idref="r----" objectType.id="RISK">
	            <action actionRight.idref="export.objects"/>
	            <relation right.idref="ar" listAttrType.id="controls"/>
				<relation right.idref="ar" listAttrType.id="finaccount"/>
				<relation right.idref="ar" listAttrType.id="process"/>
				<relation right.idref="ar" listAttrType.id="manager_group"/>
				<relation right.idref="ar" listAttrType.id="documents"/>
				<relation right.idref="ar" listAttrType.id="owner_group"/>
				<relation right.idref="ar" listAttrType.id="reviewer_group"/>
				<relation right.idref="ar" listAttrType.id="risk_category"/>
				<relation right.idref="ar" listAttrType.id="orgunit"/>
				<relation right.idref="ar" listAttrType.id="appsystem"/>
			</object>
			<object right.idref="rwcdu" objectType.id="CONTROL">
				<relation right.idref="ar" listAttrType.id="manager_group"/>
				<relation right.idref="ar" listAttrType.id="testdefinitions"/>
				<relation right.idref="ar" listAttrType.id="bb_appSystems"/>
				<relation right.idref="ar" listAttrType.id="bb_riskfactor"/>
			</object>
			<object right.idref="rwcdu" objectType.id="TESTDEFINITION">
				<relation right.idref="ar" listAttrType.id="reviewer_group"/>
				<relation right.idref="ar" listAttrType.id="orgunit"/>
				<relation right.idref="ar" listAttrType.id="owner_group"/>
				<relation right.idref="ar" listAttrType.id="manager_group"/>
				<!--<relation right.idref="ar" listAttrType.id="bb_dependenciaAmostra"/>-->
				<!--<relation right.idref="ar" listAttrType.id="bb_detalDependExecutaControle"/>-->
			</object>
			<object right.idref="rwcdu" objectType.id="TESTCASE">
	            <action actionRight.idref="reset"/>
	            <action actionRight.idref="extend"/>
	        </object>
			<object right.idref="rwc--" objectType.id="DOCUMENT"/>
			<object right.idref="r----" objectType.id="USERGROUP"/>
	        <object right.idref="r----" objectType.id="JOBINFORMATION"/>
	        <object right.idref="r--d-" objectType.id="OFFLINEPROCESSINGENTRY"/>
	        <object right.idref="r----" objectType.id="SURVEY"/>
	        <object right.idref="r----" objectType.id="QUESTIONNAIRE"/>
	        <object right.idref="r----" objectType.id="DASHBOARDCONNECTION"/>
	        <object right.idref="r----" objectType.id="DEFICIENCY"/>
	    </role>
	    
	    <role id="tester" level="O" licensedComponentIds="tm" userLicenses="operate">
			<system component.idref="view.open.testactions"/>
			<system component.idref="send.recommendation"/>
			<system component.idref="view.mashzone.url.builder"/>
			<object right.idref="r----" objectType.id="HIERARCHY"/>
			<object right.idref="r----" objectType.id="USERGROUP"/>
			<object right.idref="r----" objectType.id="RISK"/>
			<object right.idref="r----" objectType.id="CONTROL"/>
	        <object right.idref="r----" objectType.id="CONTROLEXECUTION"/>
			<object right.idref="r----" objectType.id="TESTDEFINITION"/>
			<object right.idref="rw---" objectType.id="TESTCASE">
				<relation right.idref="ar" listAttrType.id="recommendations"/>
				<relation right.idref="ar" listAttrType.id="documents"/>
	        </object>
			<object right.idref="rwc--" objectType.id="RECOMMENDATION"/>
			<object right.idref="rwc--" objectType.id="DOCUMENT"/>
			<object right.idref="r--d-" objectType.id="OFFLINEPROCESSINGENTRY"/>
	        <object right.idref="r----" objectType.id="SURVEY"/>
	        <object right.idref="r----" objectType.id="QUESTIONNAIRE"/>
	        <object right.idref="r----" objectType.id="DEFICIENCY"/>
	    </role>
	
	    <role id="testreviewer" level="O" licensedComponentIds="tm" userLicenses="operate">
			<system component.idref="view.ineffective.testactions"/>			
			<system component.idref="send.recommendation"/>
			<system component.idref="view.mashzone.url.builder"/>
			<object right.idref="r----" objectType.id="HIERARCHY"/>
			<object right.idref="r----" objectType.id="USERGROUP"/>
			<object right.idref="r----" objectType.id="RISK"/>
			<object right.idref="r----" objectType.id="CONTROL"/>
	        <object right.idref="r----" objectType.id="CONTROLEXECUTION"/>
			<object right.idref="r----" objectType.id="TESTDEFINITION"/>
	        <object right.idref="rw---" objectType.id="TESTCASE">
	            <!--action actionRight.idref="extend"/-->
	            <relation right.idref="ar" listAttrType.id="recommendations"/>
	            <relation right.idref="ar" listAttrType.id="bb_defManagerL1_group"/>
	        </object>
			<object right.idref="rwc--" objectType.id="RECOMMENDATION"/>
			<object right.idref="rwc--" objectType.id="DOCUMENT"/>
			<object right.idref="r--d-" objectType.id="OFFLINEPROCESSINGENTRY"/>
	        <object right.idref="r----" objectType.id="SURVEY"/>
	        <object right.idref="r----" objectType.id="QUESTIONNAIRE"/>
	        <object right.idref="r----" objectType.id="DEFICIENCY"/>
	    </role>
	    
	</roles>
</custom>	
