[{"id":1,"o":40280,"text":"Introdução","url":"11064.htm","node":"0","leaf":true},{"id":2,"o":40281,"text":"Ajuda do ARIS Risk &amp; Compliance Manager","url":"11068.htm","node":"1","leaf":true},{"id":3,"o":41110,"text":"Convenções de texto","url":"34741.htm","node":"2","leaf":true},{"id":4,"o":41138,"text":"Guia interativo do ARIS Risk &amp; Compliance Manager","url":"38360.htm","node":"3","leaf":true},{"id":5,"o":41139,"text":"Reproduzir vídeos","url":"35096.htm","node":"4","leaf":true},{"id":6,"o":40883,"text":"Guias de usuários","url":"20238.htm","node":"5","leaf":true},{"id":7,"o":40884,"text":"Vídeos do ARIS","url":"18992_use_case_video.htm","node":"6","leaf":true},{"id":8,"o":40282,"text":"Documentos específicos da empresa","url":"11074.htm","node":"7","leaf":true},{"id":9,"o":40283,"text":"Casos de uso","url":"12572.htm","node":"8","children":[]},{"id":10,"o":40304,"text":"Procedimento","url":"288.htm","node":"9","children":[]},{"id":11,"o":39370,"text":"Botões","url":"14422.htm","node":"10","leaf":true},{"id":12,"o":40502,"text":"Glossário","url":"10479.htm","node":"11","children":[]},{"id":13,"o":41154,"text":"Direitos Autorais","url":"11061.htm","node":"12","leaf":true},{"id":14,"o":41027,"text":"Suporte do Software AG","url":"20349.htm","node":"13","leaf":true}]